AAACAGCCAAGGAATC-1,chr1-842651-842959,chr1-869362-870246
AAACAGCCAAGGAATC-1,chr1-842651-842959,chr1-941305-942797
AAACAGCCAAGGAATC-1,chr1-842651-842959,chr1-958767-961294
AAACAGCCAAGGAATC-1,chr1-842651-842959,chr1-966008-967180
AAACAGCCAAGGAATC-1,chr1-842651-842959,chr1-975877-976619
AAACAGCCAAGGAATC-1,chr1-842651-842959,chr1-1001670-1002051
AAACAGCCAAGGAATC-1,chr1-842651-842959,chr1-1012822-1013976
AAACAGCCAAGGAATC-1,chr1-842651-842959,chr1-1019134-1020928
AAACAGCCAAGGAATC-1,chr1-842651-842959,chr1-1032442-1034259
AAACAGCCAAGGAATC-1,chr1-842651-842959,chr1-1040054-1041304
AAACAGCCAAGGAATC-1,chr1-842651-842959,chr1-1058811-1059846
AAACAGCCAAGGAATC-1,chr1-842651-842959,chr1-1068439-1070346
AAACAGCCAAGGAATC-1,chr1-842651-842959,chr1-1079381-1080395
AAACAGCCAAGGAATC-1,chr1-842651-842959,chr1-1115433-1117003
AAACAGCCAAGGAATC-1,chr1-842651-842959,chr1-1121753-1122808
AAACAGCCAAGGAATC-1,chr1-842651-842959,chr1-1143531-1144819
AAACAGCCAAGGAATC-1,chr1-842651-842959,chr1-1156840-1158759
AAACAGCCAAGGAATC-1,chr1-842651-842959,chr1-1200710-1201741
AAACAGCCAAGGAATC-1,chr1-842651-842959,chr1-1208044-1209150
AAACAGCCAAGGAATC-1,chr1-842651-842959,chr1-1231132-1232706
AAACAGCCAAGGAATC-1,chr1-842651-842959,chr1-1272786-1274599
AAACAGCCAAGGAATC-1,chr1-842651-842959,chr1-1307312-1308984
AAACAGCCAAGGAATC-1,chr1-842651-842959,chr1-1315301-1315938
AAACAGCCAAGGAATC-1,chr1-842651-842959,chr1-1324183-1325301
AAACAGCCAAGGAATC-1,chr1-842651-842959,chr1-1348410-1349933
AAACAGCCAAGGAATC-1,chr1-842651-842959,chr1-1371041-1372299
AAACAGCCAAGGAATC-1,chr1-842651-842959,chr1-1374487-1375870
AAACAGCCAAGGAATC-1,chr1-842651-842959,chr1-1398575-1400263
AAACAGCCAAGGAATC-1,chr1-842651-842959,chr1-1406441-1408001
AAACAGCCAAGGAATC-1,chr1-842651-842959,chr1-1419488-1420991
AAACAGCCAAGGAATC-1,chr1-842651-842959,chr1-1470659-1471884
AAACAGCCAAGGAATC-1,chr1-869362-870246,chr1-941305-942797
AAACAGCCAAGGAATC-1,chr1-869362-870246,chr1-958767-961294
AAACAGCCAAGGAATC-1,chr1-869362-870246,chr1-966008-967180
AAACAGCCAAGGAATC-1,chr1-869362-870246,chr1-975877-976619
AAACAGCCAAGGAATC-1,chr1-869362-870246,chr1-1001670-1002051
AAACAGCCAAGGAATC-1,chr1-869362-870246,chr1-1012822-1013976
AAACAGCCAAGGAATC-1,chr1-869362-870246,chr1-1019134-1020928
AAACAGCCAAGGAATC-1,chr1-869362-870246,chr1-1032442-1034259
AAACAGCCAAGGAATC-1,chr1-869362-870246,chr1-1040054-1041304
AAACAGCCAAGGAATC-1,chr1-869362-870246,chr1-1058811-1059846
AAACAGCCAAGGAATC-1,chr1-869362-870246,chr1-1068439-1070346
AAACAGCCAAGGAATC-1,chr1-869362-870246,chr1-1079381-1080395
AAACAGCCAAGGAATC-1,chr1-869362-870246,chr1-1115433-1117003
AAACAGCCAAGGAATC-1,chr1-869362-870246,chr1-1121753-1122808
AAACAGCCAAGGAATC-1,chr1-869362-870246,chr1-1143531-1144819
AAACAGCCAAGGAATC-1,chr1-869362-870246,chr1-1156840-1158759
AAACAGCCAAGGAATC-1,chr1-869362-870246,chr1-1200710-1201741
AAACAGCCAAGGAATC-1,chr1-869362-870246,chr1-1208044-1209150
AAACAGCCAAGGAATC-1,chr1-869362-870246,chr1-1231132-1232706
AAACAGCCAAGGAATC-1,chr1-869362-870246,chr1-1272786-1274599
AAACAGCCAAGGAATC-1,chr1-869362-870246,chr1-1307312-1308984
AAACAGCCAAGGAATC-1,chr1-869362-870246,chr1-1315301-1315938
AAACAGCCAAGGAATC-1,chr1-869362-870246,chr1-1324183-1325301
AAACAGCCAAGGAATC-1,chr1-869362-870246,chr1-1348410-1349933
AAACAGCCAAGGAATC-1,chr1-869362-870246,chr1-1371041-1372299
AAACAGCCAAGGAATC-1,chr1-869362-870246,chr1-1374487-1375870
AAACAGCCAAGGAATC-1,chr1-869362-870246,chr1-1398575-1400263
AAACAGCCAAGGAATC-1,chr1-869362-870246,chr1-1406441-1408001
AAACAGCCAAGGAATC-1,chr1-869362-870246,chr1-1419488-1420991
AAACAGCCAAGGAATC-1,chr1-869362-870246,chr1-1470659-1471884
AAACAGCCAAGGAATC-1,chr1-941305-942797,chr1-958767-961294
AAACAGCCAAGGAATC-1,chr1-941305-942797,chr1-966008-967180
AAACAGCCAAGGAATC-1,chr1-941305-942797,chr1-975877-976619
AAACAGCCAAGGAATC-1,chr1-941305-942797,chr1-1001670-1002051
AAACAGCCAAGGAATC-1,chr1-941305-942797,chr1-1012822-1013976
AAACAGCCAAGGAATC-1,chr1-941305-942797,chr1-1019134-1020928
AAACAGCCAAGGAATC-1,chr1-941305-942797,chr1-1032442-1034259
AAACAGCCAAGGAATC-1,chr1-941305-942797,chr1-1040054-1041304
AAACAGCCAAGGAATC-1,chr1-941305-942797,chr1-1058811-1059846
AAACAGCCAAGGAATC-1,chr1-941305-942797,chr1-1068439-1070346
AAACAGCCAAGGAATC-1,chr1-941305-942797,chr1-1079381-1080395
AAACAGCCAAGGAATC-1,chr1-941305-942797,chr1-1115433-1117003
AAACAGCCAAGGAATC-1,chr1-941305-942797,chr1-1121753-1122808
AAACAGCCAAGGAATC-1,chr1-941305-942797,chr1-1143531-1144819
AAACAGCCAAGGAATC-1,chr1-941305-942797,chr1-1156840-1158759
AAACAGCCAAGGAATC-1,chr1-941305-942797,chr1-1200710-1201741
AAACAGCCAAGGAATC-1,chr1-941305-942797,chr1-1208044-1209150
AAACAGCCAAGGAATC-1,chr1-941305-942797,chr1-1231132-1232706
AAACAGCCAAGGAATC-1,chr1-941305-942797,chr1-1272786-1274599
AAACAGCCAAGGAATC-1,chr1-941305-942797,chr1-1307312-1308984
AAACAGCCAAGGAATC-1,chr1-941305-942797,chr1-1315301-1315938
AAACAGCCAAGGAATC-1,chr1-941305-942797,chr1-1324183-1325301
AAACAGCCAAGGAATC-1,chr1-941305-942797,chr1-1348410-1349933
AAACAGCCAAGGAATC-1,chr1-941305-942797,chr1-1371041-1372299
AAACAGCCAAGGAATC-1,chr1-941305-942797,chr1-1374487-1375870
AAACAGCCAAGGAATC-1,chr1-941305-942797,chr1-1398575-1400263
AAACAGCCAAGGAATC-1,chr1-941305-942797,chr1-1406441-1408001
AAACAGCCAAGGAATC-1,chr1-941305-942797,chr1-1419488-1420991
AAACAGCCAAGGAATC-1,chr1-941305-942797,chr1-1470659-1471884
AAACAGCCAAGGAATC-1,chr1-958767-961294,chr1-966008-967180
AAACAGCCAAGGAATC-1,chr1-958767-961294,chr1-975877-976619
AAACAGCCAAGGAATC-1,chr1-958767-961294,chr1-1001670-1002051
AAACAGCCAAGGAATC-1,chr1-958767-961294,chr1-1012822-1013976
AAACAGCCAAGGAATC-1,chr1-958767-961294,chr1-1019134-1020928
AAACAGCCAAGGAATC-1,chr1-958767-961294,chr1-1032442-1034259
AAACAGCCAAGGAATC-1,chr1-958767-961294,chr1-1040054-1041304
AAACAGCCAAGGAATC-1,chr1-958767-961294,chr1-1058811-1059846
AAACAGCCAAGGAATC-1,chr1-958767-961294,chr1-1068439-1070346
AAACAGCCAAGGAATC-1,chr1-958767-961294,chr1-1079381-1080395
AAACAGCCAAGGAATC-1,chr1-958767-961294,chr1-1115433-1117003
AAACAGCCAAGGAATC-1,chr1-958767-961294,chr1-1121753-1122808
AAACAGCCAAGGAATC-1,chr1-958767-961294,chr1-1143531-1144819
AAACAGCCAAGGAATC-1,chr1-958767-961294,chr1-1156840-1158759
AAACAGCCAAGGAATC-1,chr1-958767-961294,chr1-1200710-1201741
AAACAGCCAAGGAATC-1,chr1-958767-961294,chr1-1208044-1209150
AAACAGCCAAGGAATC-1,chr1-958767-961294,chr1-1231132-1232706
AAACAGCCAAGGAATC-1,chr1-958767-961294,chr1-1272786-1274599
AAACAGCCAAGGAATC-1,chr1-958767-961294,chr1-1307312-1308984
AAACAGCCAAGGAATC-1,chr1-958767-961294,chr1-1315301-1315938
AAACAGCCAAGGAATC-1,chr1-958767-961294,chr1-1324183-1325301
AAACAGCCAAGGAATC-1,chr1-958767-961294,chr1-1348410-1349933
AAACAGCCAAGGAATC-1,chr1-958767-961294,chr1-1371041-1372299
AAACAGCCAAGGAATC-1,chr1-958767-961294,chr1-1374487-1375870
AAACAGCCAAGGAATC-1,chr1-958767-961294,chr1-1398575-1400263
AAACAGCCAAGGAATC-1,chr1-958767-961294,chr1-1406441-1408001
AAACAGCCAAGGAATC-1,chr1-958767-961294,chr1-1419488-1420991
AAACAGCCAAGGAATC-1,chr1-958767-961294,chr1-1470659-1471884
AAACAGCCAAGGAATC-1,chr1-966008-967180,chr1-975877-976619
AAACAGCCAAGGAATC-1,chr1-966008-967180,chr1-1001670-1002051
AAACAGCCAAGGAATC-1,chr1-966008-967180,chr1-1012822-1013976
AAACAGCCAAGGAATC-1,chr1-966008-967180,chr1-1019134-1020928
AAACAGCCAAGGAATC-1,chr1-966008-967180,chr1-1032442-1034259
AAACAGCCAAGGAATC-1,chr1-966008-967180,chr1-1040054-1041304
AAACAGCCAAGGAATC-1,chr1-966008-967180,chr1-1058811-1059846
AAACAGCCAAGGAATC-1,chr1-966008-967180,chr1-1068439-1070346
AAACAGCCAAGGAATC-1,chr1-966008-967180,chr1-1079381-1080395
AAACAGCCAAGGAATC-1,chr1-966008-967180,chr1-1115433-1117003
AAACAGCCAAGGAATC-1,chr1-966008-967180,chr1-1121753-1122808
AAACAGCCAAGGAATC-1,chr1-966008-967180,chr1-1143531-1144819
AAACAGCCAAGGAATC-1,chr1-966008-967180,chr1-1156840-1158759
AAACAGCCAAGGAATC-1,chr1-966008-967180,chr1-1200710-1201741
AAACAGCCAAGGAATC-1,chr1-966008-967180,chr1-1208044-1209150
AAACAGCCAAGGAATC-1,chr1-966008-967180,chr1-1231132-1232706
AAACAGCCAAGGAATC-1,chr1-966008-967180,chr1-1272786-1274599
AAACAGCCAAGGAATC-1,chr1-966008-967180,chr1-1307312-1308984
AAACAGCCAAGGAATC-1,chr1-966008-967180,chr1-1315301-1315938
AAACAGCCAAGGAATC-1,chr1-966008-967180,chr1-1324183-1325301
AAACAGCCAAGGAATC-1,chr1-966008-967180,chr1-1348410-1349933
AAACAGCCAAGGAATC-1,chr1-966008-967180,chr1-1371041-1372299
AAACAGCCAAGGAATC-1,chr1-966008-967180,chr1-1374487-1375870
AAACAGCCAAGGAATC-1,chr1-966008-967180,chr1-1398575-1400263
AAACAGCCAAGGAATC-1,chr1-966008-967180,chr1-1406441-1408001
AAACAGCCAAGGAATC-1,chr1-966008-967180,chr1-1419488-1420991
AAACAGCCAAGGAATC-1,chr1-966008-967180,chr1-1470659-1471884
AAACAGCCAAGGAATC-1,chr1-975877-976619,chr1-1001670-1002051
AAACAGCCAAGGAATC-1,chr1-975877-976619,chr1-1012822-1013976
AAACAGCCAAGGAATC-1,chr1-975877-976619,chr1-1019134-1020928
AAACAGCCAAGGAATC-1,chr1-975877-976619,chr1-1032442-1034259
AAACAGCCAAGGAATC-1,chr1-975877-976619,chr1-1040054-1041304
AAACAGCCAAGGAATC-1,chr1-975877-976619,chr1-1058811-1059846
AAACAGCCAAGGAATC-1,chr1-975877-976619,chr1-1068439-1070346
AAACAGCCAAGGAATC-1,chr1-975877-976619,chr1-1079381-1080395
AAACAGCCAAGGAATC-1,chr1-975877-976619,chr1-1115433-1117003
AAACAGCCAAGGAATC-1,chr1-975877-976619,chr1-1121753-1122808
AAACAGCCAAGGAATC-1,chr1-975877-976619,chr1-1143531-1144819
AAACAGCCAAGGAATC-1,chr1-975877-976619,chr1-1156840-1158759
AAACAGCCAAGGAATC-1,chr1-975877-976619,chr1-1200710-1201741
AAACAGCCAAGGAATC-1,chr1-975877-976619,chr1-1208044-1209150
AAACAGCCAAGGAATC-1,chr1-975877-976619,chr1-1231132-1232706
AAACAGCCAAGGAATC-1,chr1-975877-976619,chr1-1272786-1274599
AAACAGCCAAGGAATC-1,chr1-975877-976619,chr1-1307312-1308984
AAACAGCCAAGGAATC-1,chr1-975877-976619,chr1-1315301-1315938
AAACAGCCAAGGAATC-1,chr1-975877-976619,chr1-1324183-1325301
AAACAGCCAAGGAATC-1,chr1-975877-976619,chr1-1348410-1349933
AAACAGCCAAGGAATC-1,chr1-975877-976619,chr1-1371041-1372299
AAACAGCCAAGGAATC-1,chr1-975877-976619,chr1-1374487-1375870
AAACAGCCAAGGAATC-1,chr1-975877-976619,chr1-1398575-1400263
AAACAGCCAAGGAATC-1,chr1-975877-976619,chr1-1406441-1408001
AAACAGCCAAGGAATC-1,chr1-975877-976619,chr1-1419488-1420991
AAACAGCCAAGGAATC-1,chr1-975877-976619,chr1-1470659-1471884
AAACAGCCAAGGAATC-1,chr1-1001670-1002051,chr1-1012822-1013976
AAACAGCCAAGGAATC-1,chr1-1001670-1002051,chr1-1019134-1020928
AAACAGCCAAGGAATC-1,chr1-1001670-1002051,chr1-1032442-1034259
AAACAGCCAAGGAATC-1,chr1-1001670-1002051,chr1-1040054-1041304
AAACAGCCAAGGAATC-1,chr1-1001670-1002051,chr1-1058811-1059846
AAACAGCCAAGGAATC-1,chr1-1001670-1002051,chr1-1068439-1070346
AAACAGCCAAGGAATC-1,chr1-1001670-1002051,chr1-1079381-1080395
AAACAGCCAAGGAATC-1,chr1-1001670-1002051,chr1-1115433-1117003
AAACAGCCAAGGAATC-1,chr1-1001670-1002051,chr1-1121753-1122808
AAACAGCCAAGGAATC-1,chr1-1001670-1002051,chr1-1143531-1144819
AAACAGCCAAGGAATC-1,chr1-1001670-1002051,chr1-1156840-1158759
AAACAGCCAAGGAATC-1,chr1-1001670-1002051,chr1-1200710-1201741
AAACAGCCAAGGAATC-1,chr1-1001670-1002051,chr1-1208044-1209150
AAACAGCCAAGGAATC-1,chr1-1001670-1002051,chr1-1231132-1232706
AAACAGCCAAGGAATC-1,chr1-1001670-1002051,chr1-1272786-1274599
AAACAGCCAAGGAATC-1,chr1-1001670-1002051,chr1-1307312-1308984
AAACAGCCAAGGAATC-1,chr1-1001670-1002051,chr1-1315301-1315938
AAACAGCCAAGGAATC-1,chr1-1001670-1002051,chr1-1324183-1325301
AAACAGCCAAGGAATC-1,chr1-1001670-1002051,chr1-1348410-1349933
AAACAGCCAAGGAATC-1,chr1-1001670-1002051,chr1-1371041-1372299
AAACAGCCAAGGAATC-1,chr1-1001670-1002051,chr1-1374487-1375870
AAACAGCCAAGGAATC-1,chr1-1001670-1002051,chr1-1398575-1400263
AAACAGCCAAGGAATC-1,chr1-1001670-1002051,chr1-1406441-1408001
AAACAGCCAAGGAATC-1,chr1-1001670-1002051,chr1-1419488-1420991
AAACAGCCAAGGAATC-1,chr1-1001670-1002051,chr1-1470659-1471884
AAACAGCCAAGGAATC-1,chr1-1012822-1013976,chr1-1019134-1020928
AAACAGCCAAGGAATC-1,chr1-1012822-1013976,chr1-1032442-1034259
AAACAGCCAAGGAATC-1,chr1-1012822-1013976,chr1-1040054-1041304
AAACAGCCAAGGAATC-1,chr1-1012822-1013976,chr1-1058811-1059846
AAACAGCCAAGGAATC-1,chr1-1012822-1013976,chr1-1068439-1070346
AAACAGCCAAGGAATC-1,chr1-1012822-1013976,chr1-1079381-1080395
AAACAGCCAAGGAATC-1,chr1-1012822-1013976,chr1-1115433-1117003
AAACAGCCAAGGAATC-1,chr1-1012822-1013976,chr1-1121753-1122808
AAACAGCCAAGGAATC-1,chr1-1012822-1013976,chr1-1143531-1144819
AAACAGCCAAGGAATC-1,chr1-1012822-1013976,chr1-1156840-1158759
AAACAGCCAAGGAATC-1,chr1-1012822-1013976,chr1-1200710-1201741
AAACAGCCAAGGAATC-1,chr1-1012822-1013976,chr1-1208044-1209150
AAACAGCCAAGGAATC-1,chr1-1012822-1013976,chr1-1231132-1232706
AAACAGCCAAGGAATC-1,chr1-1012822-1013976,chr1-1272786-1274599
AAACAGCCAAGGAATC-1,chr1-1012822-1013976,chr1-1307312-1308984
AAACAGCCAAGGAATC-1,chr1-1012822-1013976,chr1-1315301-1315938
AAACAGCCAAGGAATC-1,chr1-1012822-1013976,chr1-1324183-1325301
AAACAGCCAAGGAATC-1,chr1-1012822-1013976,chr1-1348410-1349933
AAACAGCCAAGGAATC-1,chr1-1012822-1013976,chr1-1371041-1372299
AAACAGCCAAGGAATC-1,chr1-1012822-1013976,chr1-1374487-1375870
AAACAGCCAAGGAATC-1,chr1-1012822-1013976,chr1-1398575-1400263
AAACAGCCAAGGAATC-1,chr1-1012822-1013976,chr1-1406441-1408001
AAACAGCCAAGGAATC-1,chr1-1012822-1013976,chr1-1419488-1420991
AAACAGCCAAGGAATC-1,chr1-1012822-1013976,chr1-1470659-1471884
AAACAGCCAAGGAATC-1,chr1-1019134-1020928,chr1-1032442-1034259
AAACAGCCAAGGAATC-1,chr1-1019134-1020928,chr1-1040054-1041304
AAACAGCCAAGGAATC-1,chr1-1019134-1020928,chr1-1058811-1059846
AAACAGCCAAGGAATC-1,chr1-1019134-1020928,chr1-1068439-1070346
AAACAGCCAAGGAATC-1,chr1-1019134-1020928,chr1-1079381-1080395
AAACAGCCAAGGAATC-1,chr1-1019134-1020928,chr1-1115433-1117003
AAACAGCCAAGGAATC-1,chr1-1019134-1020928,chr1-1121753-1122808
AAACAGCCAAGGAATC-1,chr1-1019134-1020928,chr1-1143531-1144819
AAACAGCCAAGGAATC-1,chr1-1019134-1020928,chr1-1156840-1158759
AAACAGCCAAGGAATC-1,chr1-1019134-1020928,chr1-1200710-1201741
AAACAGCCAAGGAATC-1,chr1-1019134-1020928,chr1-1208044-1209150
AAACAGCCAAGGAATC-1,chr1-1019134-1020928,chr1-1231132-1232706
AAACAGCCAAGGAATC-1,chr1-1019134-1020928,chr1-1272786-1274599
AAACAGCCAAGGAATC-1,chr1-1019134-1020928,chr1-1307312-1308984
AAACAGCCAAGGAATC-1,chr1-1019134-1020928,chr1-1315301-1315938
AAACAGCCAAGGAATC-1,chr1-1019134-1020928,chr1-1324183-1325301
AAACAGCCAAGGAATC-1,chr1-1019134-1020928,chr1-1348410-1349933
AAACAGCCAAGGAATC-1,chr1-1019134-1020928,chr1-1371041-1372299
AAACAGCCAAGGAATC-1,chr1-1019134-1020928,chr1-1374487-1375870
AAACAGCCAAGGAATC-1,chr1-1019134-1020928,chr1-1398575-1400263
AAACAGCCAAGGAATC-1,chr1-1019134-1020928,chr1-1406441-1408001
AAACAGCCAAGGAATC-1,chr1-1019134-1020928,chr1-1419488-1420991
AAACAGCCAAGGAATC-1,chr1-1019134-1020928,chr1-1470659-1471884
AAACAGCCAAGGAATC-1,chr1-1032442-1034259,chr1-1040054-1041304
AAACAGCCAAGGAATC-1,chr1-1032442-1034259,chr1-1058811-1059846
AAACAGCCAAGGAATC-1,chr1-1032442-1034259,chr1-1068439-1070346
AAACAGCCAAGGAATC-1,chr1-1032442-1034259,chr1-1079381-1080395
AAACAGCCAAGGAATC-1,chr1-1032442-1034259,chr1-1115433-1117003
AAACAGCCAAGGAATC-1,chr1-1032442-1034259,chr1-1121753-1122808
AAACAGCCAAGGAATC-1,chr1-1032442-1034259,chr1-1143531-1144819
AAACAGCCAAGGAATC-1,chr1-1032442-1034259,chr1-1156840-1158759
AAACAGCCAAGGAATC-1,chr1-1032442-1034259,chr1-1200710-1201741
AAACAGCCAAGGAATC-1,chr1-1032442-1034259,chr1-1208044-1209150
AAACAGCCAAGGAATC-1,chr1-1032442-1034259,chr1-1231132-1232706
AAACAGCCAAGGAATC-1,chr1-1032442-1034259,chr1-1272786-1274599
AAACAGCCAAGGAATC-1,chr1-1032442-1034259,chr1-1307312-1308984
AAACAGCCAAGGAATC-1,chr1-1032442-1034259,chr1-1315301-1315938
AAACAGCCAAGGAATC-1,chr1-1032442-1034259,chr1-1324183-1325301
AAACAGCCAAGGAATC-1,chr1-1032442-1034259,chr1-1348410-1349933
AAACAGCCAAGGAATC-1,chr1-1032442-1034259,chr1-1371041-1372299
AAACAGCCAAGGAATC-1,chr1-1032442-1034259,chr1-1374487-1375870
AAACAGCCAAGGAATC-1,chr1-1032442-1034259,chr1-1398575-1400263
AAACAGCCAAGGAATC-1,chr1-1032442-1034259,chr1-1406441-1408001
AAACAGCCAAGGAATC-1,chr1-1032442-1034259,chr1-1419488-1420991
AAACAGCCAAGGAATC-1,chr1-1032442-1034259,chr1-1470659-1471884
AAACAGCCAAGGAATC-1,chr1-1040054-1041304,chr1-1058811-1059846
AAACAGCCAAGGAATC-1,chr1-1040054-1041304,chr1-1068439-1070346
AAACAGCCAAGGAATC-1,chr1-1040054-1041304,chr1-1079381-1080395
AAACAGCCAAGGAATC-1,chr1-1040054-1041304,chr1-1115433-1117003
AAACAGCCAAGGAATC-1,chr1-1040054-1041304,chr1-1121753-1122808
AAACAGCCAAGGAATC-1,chr1-1040054-1041304,chr1-1143531-1144819
AAACAGCCAAGGAATC-1,chr1-1040054-1041304,chr1-1156840-1158759
AAACAGCCAAGGAATC-1,chr1-1040054-1041304,chr1-1200710-1201741
AAACAGCCAAGGAATC-1,chr1-1040054-1041304,chr1-1208044-1209150
AAACAGCCAAGGAATC-1,chr1-1040054-1041304,chr1-1231132-1232706
AAACAGCCAAGGAATC-1,chr1-1040054-1041304,chr1-1272786-1274599
AAACAGCCAAGGAATC-1,chr1-1040054-1041304,chr1-1307312-1308984
AAACAGCCAAGGAATC-1,chr1-1040054-1041304,chr1-1315301-1315938
AAACAGCCAAGGAATC-1,chr1-1040054-1041304,chr1-1324183-1325301
AAACAGCCAAGGAATC-1,chr1-1040054-1041304,chr1-1348410-1349933
AAACAGCCAAGGAATC-1,chr1-1040054-1041304,chr1-1371041-1372299
AAACAGCCAAGGAATC-1,chr1-1040054-1041304,chr1-1374487-1375870
AAACAGCCAAGGAATC-1,chr1-1040054-1041304,chr1-1398575-1400263
AAACAGCCAAGGAATC-1,chr1-1040054-1041304,chr1-1406441-1408001
AAACAGCCAAGGAATC-1,chr1-1040054-1041304,chr1-1419488-1420991
AAACAGCCAAGGAATC-1,chr1-1040054-1041304,chr1-1470659-1471884
AAACAGCCAAGGAATC-1,chr1-1058811-1059846,chr1-1068439-1070346
AAACAGCCAAGGAATC-1,chr1-1058811-1059846,chr1-1079381-1080395
AAACAGCCAAGGAATC-1,chr1-1058811-1059846,chr1-1115433-1117003
AAACAGCCAAGGAATC-1,chr1-1058811-1059846,chr1-1121753-1122808
AAACAGCCAAGGAATC-1,chr1-1058811-1059846,chr1-1143531-1144819
AAACAGCCAAGGAATC-1,chr1-1058811-1059846,chr1-1156840-1158759
AAACAGCCAAGGAATC-1,chr1-1058811-1059846,chr1-1200710-1201741
AAACAGCCAAGGAATC-1,chr1-1058811-1059846,chr1-1208044-1209150
AAACAGCCAAGGAATC-1,chr1-1058811-1059846,chr1-1231132-1232706
AAACAGCCAAGGAATC-1,chr1-1058811-1059846,chr1-1272786-1274599
AAACAGCCAAGGAATC-1,chr1-1058811-1059846,chr1-1307312-1308984
AAACAGCCAAGGAATC-1,chr1-1058811-1059846,chr1-1315301-1315938
AAACAGCCAAGGAATC-1,chr1-1058811-1059846,chr1-1324183-1325301
AAACAGCCAAGGAATC-1,chr1-1058811-1059846,chr1-1348410-1349933
AAACAGCCAAGGAATC-1,chr1-1058811-1059846,chr1-1371041-1372299
AAACAGCCAAGGAATC-1,chr1-1058811-1059846,chr1-1374487-1375870
AAACAGCCAAGGAATC-1,chr1-1058811-1059846,chr1-1398575-1400263
AAACAGCCAAGGAATC-1,chr1-1058811-1059846,chr1-1406441-1408001
AAACAGCCAAGGAATC-1,chr1-1058811-1059846,chr1-1419488-1420991
AAACAGCCAAGGAATC-1,chr1-1058811-1059846,chr1-1470659-1471884
AAACAGCCAAGGAATC-1,chr1-1068439-1070346,chr1-1079381-1080395
AAACAGCCAAGGAATC-1,chr1-1068439-1070346,chr1-1115433-1117003
AAACAGCCAAGGAATC-1,chr1-1068439-1070346,chr1-1121753-1122808
AAACAGCCAAGGAATC-1,chr1-1068439-1070346,chr1-1143531-1144819
AAACAGCCAAGGAATC-1,chr1-1068439-1070346,chr1-1156840-1158759
AAACAGCCAAGGAATC-1,chr1-1068439-1070346,chr1-1200710-1201741
AAACAGCCAAGGAATC-1,chr1-1068439-1070346,chr1-1208044-1209150
AAACAGCCAAGGAATC-1,chr1-1068439-1070346,chr1-1231132-1232706
AAACAGCCAAGGAATC-1,chr1-1068439-1070346,chr1-1272786-1274599
AAACAGCCAAGGAATC-1,chr1-1068439-1070346,chr1-1307312-1308984
AAACAGCCAAGGAATC-1,chr1-1068439-1070346,chr1-1315301-1315938
AAACAGCCAAGGAATC-1,chr1-1068439-1070346,chr1-1324183-1325301
AAACAGCCAAGGAATC-1,chr1-1068439-1070346,chr1-1348410-1349933
AAACAGCCAAGGAATC-1,chr1-1068439-1070346,chr1-1371041-1372299
AAACAGCCAAGGAATC-1,chr1-1068439-1070346,chr1-1374487-1375870
AAACAGCCAAGGAATC-1,chr1-1068439-1070346,chr1-1398575-1400263
AAACAGCCAAGGAATC-1,chr1-1068439-1070346,chr1-1406441-1408001
AAACAGCCAAGGAATC-1,chr1-1068439-1070346,chr1-1419488-1420991
AAACAGCCAAGGAATC-1,chr1-1068439-1070346,chr1-1470659-1471884
AAACAGCCAAGGAATC-1,chr1-1079381-1080395,chr1-1115433-1117003
AAACAGCCAAGGAATC-1,chr1-1079381-1080395,chr1-1121753-1122808
AAACAGCCAAGGAATC-1,chr1-1079381-1080395,chr1-1143531-1144819
AAACAGCCAAGGAATC-1,chr1-1079381-1080395,chr1-1156840-1158759
AAACAGCCAAGGAATC-1,chr1-1079381-1080395,chr1-1200710-1201741
AAACAGCCAAGGAATC-1,chr1-1079381-1080395,chr1-1208044-1209150
AAACAGCCAAGGAATC-1,chr1-1079381-1080395,chr1-1231132-1232706
AAACAGCCAAGGAATC-1,chr1-1079381-1080395,chr1-1272786-1274599
AAACAGCCAAGGAATC-1,chr1-1079381-1080395,chr1-1307312-1308984
AAACAGCCAAGGAATC-1,chr1-1079381-1080395,chr1-1315301-1315938
AAACAGCCAAGGAATC-1,chr1-1079381-1080395,chr1-1324183-1325301
AAACAGCCAAGGAATC-1,chr1-1079381-1080395,chr1-1348410-1349933
AAACAGCCAAGGAATC-1,chr1-1079381-1080395,chr1-1371041-1372299
AAACAGCCAAGGAATC-1,chr1-1079381-1080395,chr1-1374487-1375870
AAACAGCCAAGGAATC-1,chr1-1079381-1080395,chr1-1398575-1400263
AAACAGCCAAGGAATC-1,chr1-1079381-1080395,chr1-1406441-1408001
AAACAGCCAAGGAATC-1,chr1-1079381-1080395,chr1-1419488-1420991
AAACAGCCAAGGAATC-1,chr1-1079381-1080395,chr1-1470659-1471884
AAACAGCCAAGGAATC-1,chr1-1115433-1117003,chr1-1121753-1122808
AAACAGCCAAGGAATC-1,chr1-1115433-1117003,chr1-1143531-1144819
AAACAGCCAAGGAATC-1,chr1-1115433-1117003,chr1-1156840-1158759
AAACAGCCAAGGAATC-1,chr1-1115433-1117003,chr1-1200710-1201741
AAACAGCCAAGGAATC-1,chr1-1115433-1117003,chr1-1208044-1209150
AAACAGCCAAGGAATC-1,chr1-1115433-1117003,chr1-1231132-1232706
AAACAGCCAAGGAATC-1,chr1-1115433-1117003,chr1-1272786-1274599
AAACAGCCAAGGAATC-1,chr1-1115433-1117003,chr1-1307312-1308984
AAACAGCCAAGGAATC-1,chr1-1115433-1117003,chr1-1315301-1315938
AAACAGCCAAGGAATC-1,chr1-1115433-1117003,chr1-1324183-1325301
AAACAGCCAAGGAATC-1,chr1-1115433-1117003,chr1-1348410-1349933
AAACAGCCAAGGAATC-1,chr1-1115433-1117003,chr1-1371041-1372299
AAACAGCCAAGGAATC-1,chr1-1115433-1117003,chr1-1374487-1375870
AAACAGCCAAGGAATC-1,chr1-1115433-1117003,chr1-1398575-1400263
AAACAGCCAAGGAATC-1,chr1-1115433-1117003,chr1-1406441-1408001
AAACAGCCAAGGAATC-1,chr1-1115433-1117003,chr1-1419488-1420991
AAACAGCCAAGGAATC-1,chr1-1115433-1117003,chr1-1470659-1471884
AAACAGCCAAGGAATC-1,chr1-1121753-1122808,chr1-1143531-1144819
AAACAGCCAAGGAATC-1,chr1-1121753-1122808,chr1-1156840-1158759
AAACAGCCAAGGAATC-1,chr1-1121753-1122808,chr1-1200710-1201741
AAACAGCCAAGGAATC-1,chr1-1121753-1122808,chr1-1208044-1209150
AAACAGCCAAGGAATC-1,chr1-1121753-1122808,chr1-1231132-1232706
AAACAGCCAAGGAATC-1,chr1-1121753-1122808,chr1-1272786-1274599
AAACAGCCAAGGAATC-1,chr1-1121753-1122808,chr1-1307312-1308984
AAACAGCCAAGGAATC-1,chr1-1121753-1122808,chr1-1315301-1315938
AAACAGCCAAGGAATC-1,chr1-1121753-1122808,chr1-1324183-1325301
AAACAGCCAAGGAATC-1,chr1-1121753-1122808,chr1-1348410-1349933
AAACAGCCAAGGAATC-1,chr1-1121753-1122808,chr1-1371041-1372299
AAACAGCCAAGGAATC-1,chr1-1121753-1122808,chr1-1374487-1375870
AAACAGCCAAGGAATC-1,chr1-1121753-1122808,chr1-1398575-1400263
AAACAGCCAAGGAATC-1,chr1-1121753-1122808,chr1-1406441-1408001
AAACAGCCAAGGAATC-1,chr1-1121753-1122808,chr1-1419488-1420991
AAACAGCCAAGGAATC-1,chr1-1121753-1122808,chr1-1470659-1471884
AAACAGCCAAGGAATC-1,chr1-1143531-1144819,chr1-1156840-1158759
AAACAGCCAAGGAATC-1,chr1-1143531-1144819,chr1-1200710-1201741
AAACAGCCAAGGAATC-1,chr1-1143531-1144819,chr1-1208044-1209150
AAACAGCCAAGGAATC-1,chr1-1143531-1144819,chr1-1231132-1232706
AAACAGCCAAGGAATC-1,chr1-1143531-1144819,chr1-1272786-1274599
AAACAGCCAAGGAATC-1,chr1-1143531-1144819,chr1-1307312-1308984
AAACAGCCAAGGAATC-1,chr1-1143531-1144819,chr1-1315301-1315938
AAACAGCCAAGGAATC-1,chr1-1143531-1144819,chr1-1324183-1325301
AAACAGCCAAGGAATC-1,chr1-1143531-1144819,chr1-1348410-1349933
AAACAGCCAAGGAATC-1,chr1-1143531-1144819,chr1-1371041-1372299
AAACAGCCAAGGAATC-1,chr1-1143531-1144819,chr1-1374487-1375870
AAACAGCCAAGGAATC-1,chr1-1143531-1144819,chr1-1398575-1400263
AAACAGCCAAGGAATC-1,chr1-1143531-1144819,chr1-1406441-1408001
AAACAGCCAAGGAATC-1,chr1-1143531-1144819,chr1-1419488-1420991
AAACAGCCAAGGAATC-1,chr1-1143531-1144819,chr1-1470659-1471884
AAACAGCCAAGGAATC-1,chr1-1156840-1158759,chr1-1200710-1201741
AAACAGCCAAGGAATC-1,chr1-1156840-1158759,chr1-1208044-1209150
AAACAGCCAAGGAATC-1,chr1-1156840-1158759,chr1-1231132-1232706
AAACAGCCAAGGAATC-1,chr1-1156840-1158759,chr1-1272786-1274599
AAACAGCCAAGGAATC-1,chr1-1156840-1158759,chr1-1307312-1308984
AAACAGCCAAGGAATC-1,chr1-1156840-1158759,chr1-1315301-1315938
AAACAGCCAAGGAATC-1,chr1-1156840-1158759,chr1-1324183-1325301
AAACAGCCAAGGAATC-1,chr1-1156840-1158759,chr1-1348410-1349933
AAACAGCCAAGGAATC-1,chr1-1156840-1158759,chr1-1371041-1372299
AAACAGCCAAGGAATC-1,chr1-1156840-1158759,chr1-1374487-1375870
AAACAGCCAAGGAATC-1,chr1-1156840-1158759,chr1-1398575-1400263
AAACAGCCAAGGAATC-1,chr1-1156840-1158759,chr1-1406441-1408001
AAACAGCCAAGGAATC-1,chr1-1156840-1158759,chr1-1419488-1420991
AAACAGCCAAGGAATC-1,chr1-1156840-1158759,chr1-1470659-1471884
AAACAGCCAAGGAATC-1,chr1-1200710-1201741,chr1-1208044-1209150
AAACAGCCAAGGAATC-1,chr1-1200710-1201741,chr1-1231132-1232706
AAACAGCCAAGGAATC-1,chr1-1200710-1201741,chr1-1272786-1274599
AAACAGCCAAGGAATC-1,chr1-1200710-1201741,chr1-1307312-1308984
AAACAGCCAAGGAATC-1,chr1-1200710-1201741,chr1-1315301-1315938
AAACAGCCAAGGAATC-1,chr1-1200710-1201741,chr1-1324183-1325301
AAACAGCCAAGGAATC-1,chr1-1200710-1201741,chr1-1348410-1349933
AAACAGCCAAGGAATC-1,chr1-1200710-1201741,chr1-1371041-1372299
AAACAGCCAAGGAATC-1,chr1-1200710-1201741,chr1-1374487-1375870
AAACAGCCAAGGAATC-1,chr1-1200710-1201741,chr1-1398575-1400263
AAACAGCCAAGGAATC-1,chr1-1200710-1201741,chr1-1406441-1408001
AAACAGCCAAGGAATC-1,chr1-1200710-1201741,chr1-1419488-1420991
AAACAGCCAAGGAATC-1,chr1-1200710-1201741,chr1-1470659-1471884
AAACAGCCAAGGAATC-1,chr1-1208044-1209150,chr1-1231132-1232706
AAACAGCCAAGGAATC-1,chr1-1208044-1209150,chr1-1272786-1274599
AAACAGCCAAGGAATC-1,chr1-1208044-1209150,chr1-1307312-1308984
AAACAGCCAAGGAATC-1,chr1-1208044-1209150,chr1-1315301-1315938
AAACAGCCAAGGAATC-1,chr1-1208044-1209150,chr1-1324183-1325301
AAACAGCCAAGGAATC-1,chr1-1208044-1209150,chr1-1348410-1349933
AAACAGCCAAGGAATC-1,chr1-1208044-1209150,chr1-1371041-1372299
AAACAGCCAAGGAATC-1,chr1-1208044-1209150,chr1-1374487-1375870
AAACAGCCAAGGAATC-1,chr1-1208044-1209150,chr1-1398575-1400263
AAACAGCCAAGGAATC-1,chr1-1208044-1209150,chr1-1406441-1408001
AAACAGCCAAGGAATC-1,chr1-1208044-1209150,chr1-1419488-1420991
AAACAGCCAAGGAATC-1,chr1-1208044-1209150,chr1-1470659-1471884
AAACAGCCAAGGAATC-1,chr1-1231132-1232706,chr1-1272786-1274599
AAACAGCCAAGGAATC-1,chr1-1231132-1232706,chr1-1307312-1308984
AAACAGCCAAGGAATC-1,chr1-1231132-1232706,chr1-1315301-1315938
AAACAGCCAAGGAATC-1,chr1-1231132-1232706,chr1-1324183-1325301
AAACAGCCAAGGAATC-1,chr1-1231132-1232706,chr1-1348410-1349933
AAACAGCCAAGGAATC-1,chr1-1231132-1232706,chr1-1371041-1372299
AAACAGCCAAGGAATC-1,chr1-1231132-1232706,chr1-1374487-1375870
AAACAGCCAAGGAATC-1,chr1-1231132-1232706,chr1-1398575-1400263
AAACAGCCAAGGAATC-1,chr1-1231132-1232706,chr1-1406441-1408001
AAACAGCCAAGGAATC-1,chr1-1231132-1232706,chr1-1419488-1420991
AAACAGCCAAGGAATC-1,chr1-1231132-1232706,chr1-1470659-1471884
AAACAGCCAAGGAATC-1,chr1-1272786-1274599,chr1-1307312-1308984
AAACAGCCAAGGAATC-1,chr1-1272786-1274599,chr1-1315301-1315938
AAACAGCCAAGGAATC-1,chr1-1272786-1274599,chr1-1324183-1325301
AAACAGCCAAGGAATC-1,chr1-1272786-1274599,chr1-1348410-1349933
AAACAGCCAAGGAATC-1,chr1-1272786-1274599,chr1-1371041-1372299
AAACAGCCAAGGAATC-1,chr1-1272786-1274599,chr1-1374487-1375870
AAACAGCCAAGGAATC-1,chr1-1272786-1274599,chr1-1398575-1400263
AAACAGCCAAGGAATC-1,chr1-1272786-1274599,chr1-1406441-1408001
AAACAGCCAAGGAATC-1,chr1-1272786-1274599,chr1-1419488-1420991
AAACAGCCAAGGAATC-1,chr1-1272786-1274599,chr1-1470659-1471884
AAACAGCCAAGGAATC-1,chr1-1307312-1308984,chr1-1315301-1315938
AAACAGCCAAGGAATC-1,chr1-1307312-1308984,chr1-1324183-1325301
AAACAGCCAAGGAATC-1,chr1-1307312-1308984,chr1-1348410-1349933
AAACAGCCAAGGAATC-1,chr1-1307312-1308984,chr1-1371041-1372299
AAACAGCCAAGGAATC-1,chr1-1307312-1308984,chr1-1374487-1375870
AAACAGCCAAGGAATC-1,chr1-1307312-1308984,chr1-1398575-1400263
AAACAGCCAAGGAATC-1,chr1-1307312-1308984,chr1-1406441-1408001
AAACAGCCAAGGAATC-1,chr1-1307312-1308984,chr1-1419488-1420991
AAACAGCCAAGGAATC-1,chr1-1307312-1308984,chr1-1470659-1471884
AAACAGCCAAGGAATC-1,chr1-1315301-1315938,chr1-1324183-1325301
AAACAGCCAAGGAATC-1,chr1-1315301-1315938,chr1-1348410-1349933
AAACAGCCAAGGAATC-1,chr1-1315301-1315938,chr1-1371041-1372299
AAACAGCCAAGGAATC-1,chr1-1315301-1315938,chr1-1374487-1375870
AAACAGCCAAGGAATC-1,chr1-1315301-1315938,chr1-1398575-1400263
AAACAGCCAAGGAATC-1,chr1-1315301-1315938,chr1-1406441-1408001
AAACAGCCAAGGAATC-1,chr1-1315301-1315938,chr1-1419488-1420991
AAACAGCCAAGGAATC-1,chr1-1315301-1315938,chr1-1470659-1471884
AAACAGCCAAGGAATC-1,chr1-1324183-1325301,chr1-1348410-1349933
AAACAGCCAAGGAATC-1,chr1-1324183-1325301,chr1-1371041-1372299
AAACAGCCAAGGAATC-1,chr1-1324183-1325301,chr1-1374487-1375870
AAACAGCCAAGGAATC-1,chr1-1324183-1325301,chr1-1398575-1400263
AAACAGCCAAGGAATC-1,chr1-1324183-1325301,chr1-1406441-1408001
AAACAGCCAAGGAATC-1,chr1-1324183-1325301,chr1-1419488-1420991
AAACAGCCAAGGAATC-1,chr1-1324183-1325301,chr1-1470659-1471884
AAACAGCCAAGGAATC-1,chr1-1348410-1349933,chr1-1371041-1372299
AAACAGCCAAGGAATC-1,chr1-1348410-1349933,chr1-1374487-1375870
AAACAGCCAAGGAATC-1,chr1-1348410-1349933,chr1-1398575-1400263
AAACAGCCAAGGAATC-1,chr1-1348410-1349933,chr1-1406441-1408001
AAACAGCCAAGGAATC-1,chr1-1348410-1349933,chr1-1419488-1420991
AAACAGCCAAGGAATC-1,chr1-1348410-1349933,chr1-1470659-1471884
AAACAGCCAAGGAATC-1,chr1-1371041-1372299,chr1-1374487-1375870
AAACAGCCAAGGAATC-1,chr1-1371041-1372299,chr1-1398575-1400263
AAACAGCCAAGGAATC-1,chr1-1371041-1372299,chr1-1406441-1408001
AAACAGCCAAGGAATC-1,chr1-1371041-1372299,chr1-1419488-1420991
AAACAGCCAAGGAATC-1,chr1-1371041-1372299,chr1-1470659-1471884
AAACAGCCAAGGAATC-1,chr1-1374487-1375870,chr1-1398575-1400263
AAACAGCCAAGGAATC-1,chr1-1374487-1375870,chr1-1406441-1408001
AAACAGCCAAGGAATC-1,chr1-1374487-1375870,chr1-1419488-1420991
AAACAGCCAAGGAATC-1,chr1-1374487-1375870,chr1-1470659-1471884
AAACAGCCAAGGAATC-1,chr1-1398575-1400263,chr1-1406441-1408001
AAACAGCCAAGGAATC-1,chr1-1398575-1400263,chr1-1419488-1420991
AAACAGCCAAGGAATC-1,chr1-1398575-1400263,chr1-1470659-1471884
AAACAGCCAAGGAATC-1,chr1-1406441-1408001,chr1-1419488-1420991
AAACAGCCAAGGAATC-1,chr1-1406441-1408001,chr1-1470659-1471884
AAACAGCCAAGGAATC-1,chr1-1419488-1420991,chr1-1470659-1471884
AAACAGCCAATCCCTT-1,chr1-777539-779314,chr1-826688-827799
AAACAGCCAATCCCTT-1,chr1-777539-779314,chr1-940022-941022
AAACAGCCAATCCCTT-1,chr1-777539-779314,chr1-958767-961294
AAACAGCCAATCCCTT-1,chr1-777539-779314,chr1-1019134-1020928
AAACAGCCAATCCCTT-1,chr1-777539-779314,chr1-1058811-1059846
AAACAGCCAATCCCTT-1,chr1-777539-779314,chr1-1115433-1117003
AAACAGCCAATCCCTT-1,chr1-777539-779314,chr1-1121753-1122808
AAACAGCCAATCCCTT-1,chr1-777539-779314,chr1-1208044-1209150
AAACAGCCAATCCCTT-1,chr1-777539-779314,chr1-1231132-1232706
AAACAGCCAATCCCTT-1,chr1-777539-779314,chr1-1272786-1274599
AAACAGCCAATCCCTT-1,chr1-777539-779314,chr1-1307312-1308984
AAACAGCCAATCCCTT-1,chr1-777539-779314,chr1-1371041-1372299
AAACAGCCAATCCCTT-1,chr1-777539-779314,chr1-1398575-1400263
AAACAGCCAATCCCTT-1,chr1-777539-779314,chr1-1440618-1441382
AAACAGCCAATCCCTT-1,chr1-826688-827799,chr1-940022-941022
AAACAGCCAATCCCTT-1,chr1-826688-827799,chr1-958767-961294
AAACAGCCAATCCCTT-1,chr1-826688-827799,chr1-1019134-1020928
AAACAGCCAATCCCTT-1,chr1-826688-827799,chr1-1058811-1059846
AAACAGCCAATCCCTT-1,chr1-826688-827799,chr1-1115433-1117003
AAACAGCCAATCCCTT-1,chr1-826688-827799,chr1-1121753-1122808
AAACAGCCAATCCCTT-1,chr1-826688-827799,chr1-1208044-1209150
AAACAGCCAATCCCTT-1,chr1-826688-827799,chr1-1231132-1232706
AAACAGCCAATCCCTT-1,chr1-826688-827799,chr1-1272786-1274599
AAACAGCCAATCCCTT-1,chr1-826688-827799,chr1-1307312-1308984
AAACAGCCAATCCCTT-1,chr1-826688-827799,chr1-1371041-1372299
AAACAGCCAATCCCTT-1,chr1-826688-827799,chr1-1398575-1400263
AAACAGCCAATCCCTT-1,chr1-826688-827799,chr1-1440618-1441382
AAACAGCCAATCCCTT-1,chr1-940022-941022,chr1-958767-961294
AAACAGCCAATCCCTT-1,chr1-940022-941022,chr1-1019134-1020928
AAACAGCCAATCCCTT-1,chr1-940022-941022,chr1-1058811-1059846
AAACAGCCAATCCCTT-1,chr1-940022-941022,chr1-1115433-1117003
AAACAGCCAATCCCTT-1,chr1-940022-941022,chr1-1121753-1122808
AAACAGCCAATCCCTT-1,chr1-940022-941022,chr1-1208044-1209150
AAACAGCCAATCCCTT-1,chr1-940022-941022,chr1-1231132-1232706
AAACAGCCAATCCCTT-1,chr1-940022-941022,chr1-1272786-1274599
AAACAGCCAATCCCTT-1,chr1-940022-941022,chr1-1307312-1308984
AAACAGCCAATCCCTT-1,chr1-940022-941022,chr1-1371041-1372299
AAACAGCCAATCCCTT-1,chr1-940022-941022,chr1-1398575-1400263
AAACAGCCAATCCCTT-1,chr1-940022-941022,chr1-1440618-1441382
AAACAGCCAATCCCTT-1,chr1-958767-961294,chr1-1019134-1020928
AAACAGCCAATCCCTT-1,chr1-958767-961294,chr1-1058811-1059846
AAACAGCCAATCCCTT-1,chr1-958767-961294,chr1-1115433-1117003
AAACAGCCAATCCCTT-1,chr1-958767-961294,chr1-1121753-1122808
AAACAGCCAATCCCTT-1,chr1-958767-961294,chr1-1208044-1209150
AAACAGCCAATCCCTT-1,chr1-958767-961294,chr1-1231132-1232706
AAACAGCCAATCCCTT-1,chr1-958767-961294,chr1-1272786-1274599
AAACAGCCAATCCCTT-1,chr1-958767-961294,chr1-1307312-1308984
AAACAGCCAATCCCTT-1,chr1-958767-961294,chr1-1371041-1372299
AAACAGCCAATCCCTT-1,chr1-958767-961294,chr1-1398575-1400263
AAACAGCCAATCCCTT-1,chr1-958767-961294,chr1-1440618-1441382
AAACAGCCAATCCCTT-1,chr1-1019134-1020928,chr1-1058811-1059846
AAACAGCCAATCCCTT-1,chr1-1019134-1020928,chr1-1115433-1117003
AAACAGCCAATCCCTT-1,chr1-1019134-1020928,chr1-1121753-1122808
AAACAGCCAATCCCTT-1,chr1-1019134-1020928,chr1-1208044-1209150
AAACAGCCAATCCCTT-1,chr1-1019134-1020928,chr1-1231132-1232706
AAACAGCCAATCCCTT-1,chr1-1019134-1020928,chr1-1272786-1274599
AAACAGCCAATCCCTT-1,chr1-1019134-1020928,chr1-1307312-1308984
AAACAGCCAATCCCTT-1,chr1-1019134-1020928,chr1-1371041-1372299
AAACAGCCAATCCCTT-1,chr1-1019134-1020928,chr1-1398575-1400263
AAACAGCCAATCCCTT-1,chr1-1019134-1020928,chr1-1440618-1441382
AAACAGCCAATCCCTT-1,chr1-1058811-1059846,chr1-1115433-1117003
AAACAGCCAATCCCTT-1,chr1-1058811-1059846,chr1-1121753-1122808
AAACAGCCAATCCCTT-1,chr1-1058811-1059846,chr1-1208044-1209150
AAACAGCCAATCCCTT-1,chr1-1058811-1059846,chr1-1231132-1232706
AAACAGCCAATCCCTT-1,chr1-1058811-1059846,chr1-1272786-1274599
AAACAGCCAATCCCTT-1,chr1-1058811-1059846,chr1-1307312-1308984
AAACAGCCAATCCCTT-1,chr1-1058811-1059846,chr1-1371041-1372299
AAACAGCCAATCCCTT-1,chr1-1058811-1059846,chr1-1398575-1400263
AAACAGCCAATCCCTT-1,chr1-1058811-1059846,chr1-1440618-1441382
AAACAGCCAATCCCTT-1,chr1-1115433-1117003,chr1-1121753-1122808
AAACAGCCAATCCCTT-1,chr1-1115433-1117003,chr1-1208044-1209150
AAACAGCCAATCCCTT-1,chr1-1115433-1117003,chr1-1231132-1232706
AAACAGCCAATCCCTT-1,chr1-1115433-1117003,chr1-1272786-1274599
AAACAGCCAATCCCTT-1,chr1-1115433-1117003,chr1-1307312-1308984
AAACAGCCAATCCCTT-1,chr1-1115433-1117003,chr1-1371041-1372299
AAACAGCCAATCCCTT-1,chr1-1115433-1117003,chr1-1398575-1400263
AAACAGCCAATCCCTT-1,chr1-1115433-1117003,chr1-1440618-1441382
AAACAGCCAATCCCTT-1,chr1-1121753-1122808,chr1-1208044-1209150
AAACAGCCAATCCCTT-1,chr1-1121753-1122808,chr1-1231132-1232706
AAACAGCCAATCCCTT-1,chr1-1121753-1122808,chr1-1272786-1274599
AAACAGCCAATCCCTT-1,chr1-1121753-1122808,chr1-1307312-1308984
AAACAGCCAATCCCTT-1,chr1-1121753-1122808,chr1-1371041-1372299
AAACAGCCAATCCCTT-1,chr1-1121753-1122808,chr1-1398575-1400263
AAACAGCCAATCCCTT-1,chr1-1121753-1122808,chr1-1440618-1441382
AAACAGCCAATCCCTT-1,chr1-1208044-1209150,chr1-1231132-1232706
AAACAGCCAATCCCTT-1,chr1-1208044-1209150,chr1-1272786-1274599
AAACAGCCAATCCCTT-1,chr1-1208044-1209150,chr1-1307312-1308984
AAACAGCCAATCCCTT-1,chr1-1208044-1209150,chr1-1371041-1372299
AAACAGCCAATCCCTT-1,chr1-1208044-1209150,chr1-1398575-1400263
AAACAGCCAATCCCTT-1,chr1-1208044-1209150,chr1-1440618-1441382
AAACAGCCAATCCCTT-1,chr1-1231132-1232706,chr1-1272786-1274599
AAACAGCCAATCCCTT-1,chr1-1231132-1232706,chr1-1307312-1308984
AAACAGCCAATCCCTT-1,chr1-1231132-1232706,chr1-1371041-1372299
AAACAGCCAATCCCTT-1,chr1-1231132-1232706,chr1-1398575-1400263
AAACAGCCAATCCCTT-1,chr1-1231132-1232706,chr1-1440618-1441382
AAACAGCCAATCCCTT-1,chr1-1272786-1274599,chr1-1307312-1308984
AAACAGCCAATCCCTT-1,chr1-1272786-1274599,chr1-1371041-1372299
AAACAGCCAATCCCTT-1,chr1-1272786-1274599,chr1-1398575-1400263
AAACAGCCAATCCCTT-1,chr1-1272786-1274599,chr1-1440618-1441382
AAACAGCCAATCCCTT-1,chr1-1307312-1308984,chr1-1371041-1372299
AAACAGCCAATCCCTT-1,chr1-1307312-1308984,chr1-1398575-1400263
AAACAGCCAATCCCTT-1,chr1-1307312-1308984,chr1-1440618-1441382
AAACAGCCAATCCCTT-1,chr1-1371041-1372299,chr1-1398575-1400263
AAACAGCCAATCCCTT-1,chr1-1371041-1372299,chr1-1440618-1441382
AAACAGCCAATCCCTT-1,chr1-1398575-1400263,chr1-1440618-1441382
AAACAGCCAATGCGCT-1,chr1-777539-779314,chr1-923413-924168
AAACAGCCAATGCGCT-1,chr1-777539-779314,chr1-958767-961294
AAACAGCCAATGCGCT-1,chr1-777539-779314,chr1-966008-967180
AAACAGCCAATGCGCT-1,chr1-777539-779314,chr1-999035-1001204
AAACAGCCAATGCGCT-1,chr1-777539-779314,chr1-1012822-1013976
AAACAGCCAATGCGCT-1,chr1-777539-779314,chr1-1032442-1034259
AAACAGCCAATGCGCT-1,chr1-777539-779314,chr1-1068439-1070346
AAACAGCCAATGCGCT-1,chr1-777539-779314,chr1-1098650-1100002
AAACAGCCAATGCGCT-1,chr1-777539-779314,chr1-1171329-1172311
AAACAGCCAATGCGCT-1,chr1-777539-779314,chr1-1200710-1201741
AAACAGCCAATGCGCT-1,chr1-777539-779314,chr1-1208044-1209150
AAACAGCCAATGCGCT-1,chr1-777539-779314,chr1-1231132-1232706
AAACAGCCAATGCGCT-1,chr1-777539-779314,chr1-1246311-1246904
AAACAGCCAATGCGCT-1,chr1-777539-779314,chr1-1272786-1274599
AAACAGCCAATGCGCT-1,chr1-777539-779314,chr1-1324183-1325301
AAACAGCCAATGCGCT-1,chr1-777539-779314,chr1-1348410-1349933
AAACAGCCAATGCGCT-1,chr1-777539-779314,chr1-1398575-1400263
AAACAGCCAATGCGCT-1,chr1-777539-779314,chr1-1435161-1435852
AAACAGCCAATGCGCT-1,chr1-923413-924168,chr1-958767-961294
AAACAGCCAATGCGCT-1,chr1-923413-924168,chr1-966008-967180
AAACAGCCAATGCGCT-1,chr1-923413-924168,chr1-999035-1001204
AAACAGCCAATGCGCT-1,chr1-923413-924168,chr1-1012822-1013976
AAACAGCCAATGCGCT-1,chr1-923413-924168,chr1-1032442-1034259
AAACAGCCAATGCGCT-1,chr1-923413-924168,chr1-1068439-1070346
AAACAGCCAATGCGCT-1,chr1-923413-924168,chr1-1098650-1100002
AAACAGCCAATGCGCT-1,chr1-923413-924168,chr1-1171329-1172311
AAACAGCCAATGCGCT-1,chr1-923413-924168,chr1-1200710-1201741
AAACAGCCAATGCGCT-1,chr1-923413-924168,chr1-1208044-1209150
AAACAGCCAATGCGCT-1,chr1-923413-924168,chr1-1231132-1232706
AAACAGCCAATGCGCT-1,chr1-923413-924168,chr1-1246311-1246904
AAACAGCCAATGCGCT-1,chr1-923413-924168,chr1-1272786-1274599
AAACAGCCAATGCGCT-1,chr1-923413-924168,chr1-1324183-1325301
AAACAGCCAATGCGCT-1,chr1-923413-924168,chr1-1348410-1349933
AAACAGCCAATGCGCT-1,chr1-923413-924168,chr1-1398575-1400263
AAACAGCCAATGCGCT-1,chr1-923413-924168,chr1-1435161-1435852
AAACAGCCAATGCGCT-1,chr1-958767-961294,chr1-966008-967180
AAACAGCCAATGCGCT-1,chr1-958767-961294,chr1-999035-1001204
AAACAGCCAATGCGCT-1,chr1-958767-961294,chr1-1012822-1013976
AAACAGCCAATGCGCT-1,chr1-958767-961294,chr1-1032442-1034259
AAACAGCCAATGCGCT-1,chr1-958767-961294,chr1-1068439-1070346
AAACAGCCAATGCGCT-1,chr1-958767-961294,chr1-1098650-1100002
AAACAGCCAATGCGCT-1,chr1-958767-961294,chr1-1171329-1172311
AAACAGCCAATGCGCT-1,chr1-958767-961294,chr1-1200710-1201741
AAACAGCCAATGCGCT-1,chr1-958767-961294,chr1-1208044-1209150
AAACAGCCAATGCGCT-1,chr1-958767-961294,chr1-1231132-1232706
AAACAGCCAATGCGCT-1,chr1-958767-961294,chr1-1246311-1246904
AAACAGCCAATGCGCT-1,chr1-958767-961294,chr1-1272786-1274599
AAACAGCCAATGCGCT-1,chr1-958767-961294,chr1-1324183-1325301
AAACAGCCAATGCGCT-1,chr1-958767-961294,chr1-1348410-1349933
AAACAGCCAATGCGCT-1,chr1-958767-961294,chr1-1398575-1400263
AAACAGCCAATGCGCT-1,chr1-958767-961294,chr1-1435161-1435852
AAACAGCCAATGCGCT-1,chr1-966008-967180,chr1-999035-1001204
AAACAGCCAATGCGCT-1,chr1-966008-967180,chr1-1012822-1013976
AAACAGCCAATGCGCT-1,chr1-966008-967180,chr1-1032442-1034259
AAACAGCCAATGCGCT-1,chr1-966008-967180,chr1-1068439-1070346
AAACAGCCAATGCGCT-1,chr1-966008-967180,chr1-1098650-1100002
AAACAGCCAATGCGCT-1,chr1-966008-967180,chr1-1171329-1172311
AAACAGCCAATGCGCT-1,chr1-966008-967180,chr1-1200710-1201741
AAACAGCCAATGCGCT-1,chr1-966008-967180,chr1-1208044-1209150
AAACAGCCAATGCGCT-1,chr1-966008-967180,chr1-1231132-1232706
AAACAGCCAATGCGCT-1,chr1-966008-967180,chr1-1246311-1246904
AAACAGCCAATGCGCT-1,chr1-966008-967180,chr1-1272786-1274599
AAACAGCCAATGCGCT-1,chr1-966008-967180,chr1-1324183-1325301
AAACAGCCAATGCGCT-1,chr1-966008-967180,chr1-1348410-1349933
AAACAGCCAATGCGCT-1,chr1-966008-967180,chr1-1398575-1400263
AAACAGCCAATGCGCT-1,chr1-966008-967180,chr1-1435161-1435852
AAACAGCCAATGCGCT-1,chr1-999035-1001204,chr1-1012822-1013976
AAACAGCCAATGCGCT-1,chr1-999035-1001204,chr1-1032442-1034259
AAACAGCCAATGCGCT-1,chr1-999035-1001204,chr1-1068439-1070346
AAACAGCCAATGCGCT-1,chr1-999035-1001204,chr1-1098650-1100002
AAACAGCCAATGCGCT-1,chr1-999035-1001204,chr1-1171329-1172311
AAACAGCCAATGCGCT-1,chr1-999035-1001204,chr1-1200710-1201741
AAACAGCCAATGCGCT-1,chr1-999035-1001204,chr1-1208044-1209150
AAACAGCCAATGCGCT-1,chr1-999035-1001204,chr1-1231132-1232706
AAACAGCCAATGCGCT-1,chr1-999035-1001204,chr1-1246311-1246904
AAACAGCCAATGCGCT-1,chr1-999035-1001204,chr1-1272786-1274599
AAACAGCCAATGCGCT-1,chr1-999035-1001204,chr1-1324183-1325301
AAACAGCCAATGCGCT-1,chr1-999035-1001204,chr1-1348410-1349933
AAACAGCCAATGCGCT-1,chr1-999035-1001204,chr1-1398575-1400263
AAACAGCCAATGCGCT-1,chr1-999035-1001204,chr1-1435161-1435852
AAACAGCCAATGCGCT-1,chr1-1012822-1013976,chr1-1032442-1034259
AAACAGCCAATGCGCT-1,chr1-1012822-1013976,chr1-1068439-1070346
AAACAGCCAATGCGCT-1,chr1-1012822-1013976,chr1-1098650-1100002
AAACAGCCAATGCGCT-1,chr1-1012822-1013976,chr1-1171329-1172311
AAACAGCCAATGCGCT-1,chr1-1012822-1013976,chr1-1200710-1201741
AAACAGCCAATGCGCT-1,chr1-1012822-1013976,chr1-1208044-1209150
AAACAGCCAATGCGCT-1,chr1-1012822-1013976,chr1-1231132-1232706
AAACAGCCAATGCGCT-1,chr1-1012822-1013976,chr1-1246311-1246904
AAACAGCCAATGCGCT-1,chr1-1012822-1013976,chr1-1272786-1274599
AAACAGCCAATGCGCT-1,chr1-1012822-1013976,chr1-1324183-1325301
AAACAGCCAATGCGCT-1,chr1-1012822-1013976,chr1-1348410-1349933
AAACAGCCAATGCGCT-1,chr1-1012822-1013976,chr1-1398575-1400263
AAACAGCCAATGCGCT-1,chr1-1012822-1013976,chr1-1435161-1435852
AAACAGCCAATGCGCT-1,chr1-1032442-1034259,chr1-1068439-1070346
AAACAGCCAATGCGCT-1,chr1-1032442-1034259,chr1-1098650-1100002
AAACAGCCAATGCGCT-1,chr1-1032442-1034259,chr1-1171329-1172311
AAACAGCCAATGCGCT-1,chr1-1032442-1034259,chr1-1200710-1201741
AAACAGCCAATGCGCT-1,chr1-1032442-1034259,chr1-1208044-1209150
AAACAGCCAATGCGCT-1,chr1-1032442-1034259,chr1-1231132-1232706
AAACAGCCAATGCGCT-1,chr1-1032442-1034259,chr1-1246311-1246904
AAACAGCCAATGCGCT-1,chr1-1032442-1034259,chr1-1272786-1274599
AAACAGCCAATGCGCT-1,chr1-1032442-1034259,chr1-1324183-1325301
AAACAGCCAATGCGCT-1,chr1-1032442-1034259,chr1-1348410-1349933
AAACAGCCAATGCGCT-1,chr1-1032442-1034259,chr1-1398575-1400263
AAACAGCCAATGCGCT-1,chr1-1032442-1034259,chr1-1435161-1435852
AAACAGCCAATGCGCT-1,chr1-1068439-1070346,chr1-1098650-1100002
AAACAGCCAATGCGCT-1,chr1-1068439-1070346,chr1-1171329-1172311
AAACAGCCAATGCGCT-1,chr1-1068439-1070346,chr1-1200710-1201741
AAACAGCCAATGCGCT-1,chr1-1068439-1070346,chr1-1208044-1209150
AAACAGCCAATGCGCT-1,chr1-1068439-1070346,chr1-1231132-1232706
AAACAGCCAATGCGCT-1,chr1-1068439-1070346,chr1-1246311-1246904
AAACAGCCAATGCGCT-1,chr1-1068439-1070346,chr1-1272786-1274599
AAACAGCCAATGCGCT-1,chr1-1068439-1070346,chr1-1324183-1325301
AAACAGCCAATGCGCT-1,chr1-1068439-1070346,chr1-1348410-1349933
AAACAGCCAATGCGCT-1,chr1-1068439-1070346,chr1-1398575-1400263
AAACAGCCAATGCGCT-1,chr1-1068439-1070346,chr1-1435161-1435852
AAACAGCCAATGCGCT-1,chr1-1098650-1100002,chr1-1171329-1172311
AAACAGCCAATGCGCT-1,chr1-1098650-1100002,chr1-1200710-1201741
AAACAGCCAATGCGCT-1,chr1-1098650-1100002,chr1-1208044-1209150
AAACAGCCAATGCGCT-1,chr1-1098650-1100002,chr1-1231132-1232706
AAACAGCCAATGCGCT-1,chr1-1098650-1100002,chr1-1246311-1246904
AAACAGCCAATGCGCT-1,chr1-1098650-1100002,chr1-1272786-1274599
AAACAGCCAATGCGCT-1,chr1-1098650-1100002,chr1-1324183-1325301
AAACAGCCAATGCGCT-1,chr1-1098650-1100002,chr1-1348410-1349933
AAACAGCCAATGCGCT-1,chr1-1098650-1100002,chr1-1398575-1400263
AAACAGCCAATGCGCT-1,chr1-1098650-1100002,chr1-1435161-1435852
AAACAGCCAATGCGCT-1,chr1-1171329-1172311,chr1-1200710-1201741
AAACAGCCAATGCGCT-1,chr1-1171329-1172311,chr1-1208044-1209150
AAACAGCCAATGCGCT-1,chr1-1171329-1172311,chr1-1231132-1232706
AAACAGCCAATGCGCT-1,chr1-1171329-1172311,chr1-1246311-1246904
AAACAGCCAATGCGCT-1,chr1-1171329-1172311,chr1-1272786-1274599
AAACAGCCAATGCGCT-1,chr1-1171329-1172311,chr1-1324183-1325301
AAACAGCCAATGCGCT-1,chr1-1171329-1172311,chr1-1348410-1349933
AAACAGCCAATGCGCT-1,chr1-1171329-1172311,chr1-1398575-1400263
AAACAGCCAATGCGCT-1,chr1-1171329-1172311,chr1-1435161-1435852
AAACAGCCAATGCGCT-1,chr1-1200710-1201741,chr1-1208044-1209150
AAACAGCCAATGCGCT-1,chr1-1200710-1201741,chr1-1231132-1232706
AAACAGCCAATGCGCT-1,chr1-1200710-1201741,chr1-1246311-1246904
AAACAGCCAATGCGCT-1,chr1-1200710-1201741,chr1-1272786-1274599
AAACAGCCAATGCGCT-1,chr1-1200710-1201741,chr1-1324183-1325301
AAACAGCCAATGCGCT-1,chr1-1200710-1201741,chr1-1348410-1349933
AAACAGCCAATGCGCT-1,chr1-1200710-1201741,chr1-1398575-1400263
AAACAGCCAATGCGCT-1,chr1-1200710-1201741,chr1-1435161-1435852
AAACAGCCAATGCGCT-1,chr1-1208044-1209150,chr1-1231132-1232706
AAACAGCCAATGCGCT-1,chr1-1208044-1209150,chr1-1246311-1246904
AAACAGCCAATGCGCT-1,chr1-1208044-1209150,chr1-1272786-1274599
AAACAGCCAATGCGCT-1,chr1-1208044-1209150,chr1-1324183-1325301
AAACAGCCAATGCGCT-1,chr1-1208044-1209150,chr1-1348410-1349933
AAACAGCCAATGCGCT-1,chr1-1208044-1209150,chr1-1398575-1400263
AAACAGCCAATGCGCT-1,chr1-1208044-1209150,chr1-1435161-1435852
AAACAGCCAATGCGCT-1,chr1-1231132-1232706,chr1-1246311-1246904
AAACAGCCAATGCGCT-1,chr1-1231132-1232706,chr1-1272786-1274599
AAACAGCCAATGCGCT-1,chr1-1231132-1232706,chr1-1324183-1325301
AAACAGCCAATGCGCT-1,chr1-1231132-1232706,chr1-1348410-1349933
AAACAGCCAATGCGCT-1,chr1-1231132-1232706,chr1-1398575-1400263
AAACAGCCAATGCGCT-1,chr1-1231132-1232706,chr1-1435161-1435852
AAACAGCCAATGCGCT-1,chr1-1246311-1246904,chr1-1272786-1274599
AAACAGCCAATGCGCT-1,chr1-1246311-1246904,chr1-1324183-1325301
AAACAGCCAATGCGCT-1,chr1-1246311-1246904,chr1-1348410-1349933
AAACAGCCAATGCGCT-1,chr1-1246311-1246904,chr1-1398575-1400263
AAACAGCCAATGCGCT-1,chr1-1246311-1246904,chr1-1435161-1435852
AAACAGCCAATGCGCT-1,chr1-1272786-1274599,chr1-1324183-1325301
AAACAGCCAATGCGCT-1,chr1-1272786-1274599,chr1-1348410-1349933
AAACAGCCAATGCGCT-1,chr1-1272786-1274599,chr1-1398575-1400263
AAACAGCCAATGCGCT-1,chr1-1272786-1274599,chr1-1435161-1435852
AAACAGCCAATGCGCT-1,chr1-1324183-1325301,chr1-1348410-1349933
AAACAGCCAATGCGCT-1,chr1-1324183-1325301,chr1-1398575-1400263
AAACAGCCAATGCGCT-1,chr1-1324183-1325301,chr1-1435161-1435852
AAACAGCCAATGCGCT-1,chr1-1348410-1349933,chr1-1398575-1400263
AAACAGCCAATGCGCT-1,chr1-1348410-1349933,chr1-1435161-1435852
AAACAGCCAATGCGCT-1,chr1-1398575-1400263,chr1-1435161-1435852
AAACAGCCACCAACCG-1,chr1-869362-870246,chr1-904015-905600
AAACAGCCACCAACCG-1,chr1-869362-870246,chr1-958767-961294
AAACAGCCACCAACCG-1,chr1-869362-870246,chr1-1063842-1064493
AAACAGCCACCAACCG-1,chr1-869362-870246,chr1-1068439-1070346
AAACAGCCACCAACCG-1,chr1-869362-870246,chr1-1079381-1080395
AAACAGCCACCAACCG-1,chr1-869362-870246,chr1-1115433-1117003
AAACAGCCACCAACCG-1,chr1-869362-870246,chr1-1156840-1158759
AAACAGCCACCAACCG-1,chr1-869362-870246,chr1-1231132-1232706
AAACAGCCACCAACCG-1,chr1-869362-870246,chr1-1307312-1308984
AAACAGCCACCAACCG-1,chr1-869362-870246,chr1-1348410-1349933
AAACAGCCACCAACCG-1,chr1-869362-870246,chr1-1406441-1408001
AAACAGCCACCAACCG-1,chr1-904015-905600,chr1-958767-961294
AAACAGCCACCAACCG-1,chr1-904015-905600,chr1-1063842-1064493
AAACAGCCACCAACCG-1,chr1-904015-905600,chr1-1068439-1070346
AAACAGCCACCAACCG-1,chr1-904015-905600,chr1-1079381-1080395
AAACAGCCACCAACCG-1,chr1-904015-905600,chr1-1115433-1117003
AAACAGCCACCAACCG-1,chr1-904015-905600,chr1-1156840-1158759
AAACAGCCACCAACCG-1,chr1-904015-905600,chr1-1231132-1232706
AAACAGCCACCAACCG-1,chr1-904015-905600,chr1-1307312-1308984
AAACAGCCACCAACCG-1,chr1-904015-905600,chr1-1348410-1349933
AAACAGCCACCAACCG-1,chr1-904015-905600,chr1-1406441-1408001
AAACAGCCACCAACCG-1,chr1-958767-961294,chr1-1063842-1064493
AAACAGCCACCAACCG-1,chr1-958767-961294,chr1-1068439-1070346
AAACAGCCACCAACCG-1,chr1-958767-961294,chr1-1079381-1080395
AAACAGCCACCAACCG-1,chr1-958767-961294,chr1-1115433-1117003
AAACAGCCACCAACCG-1,chr1-958767-961294,chr1-1156840-1158759
AAACAGCCACCAACCG-1,chr1-958767-961294,chr1-1231132-1232706
AAACAGCCACCAACCG-1,chr1-958767-961294,chr1-1307312-1308984
AAACAGCCACCAACCG-1,chr1-958767-961294,chr1-1348410-1349933
AAACAGCCACCAACCG-1,chr1-958767-961294,chr1-1406441-1408001
AAACAGCCACCAACCG-1,chr1-1063842-1064493,chr1-1068439-1070346
AAACAGCCACCAACCG-1,chr1-1063842-1064493,chr1-1079381-1080395
AAACAGCCACCAACCG-1,chr1-1063842-1064493,chr1-1115433-1117003
AAACAGCCACCAACCG-1,chr1-1063842-1064493,chr1-1156840-1158759
AAACAGCCACCAACCG-1,chr1-1063842-1064493,chr1-1231132-1232706
AAACAGCCACCAACCG-1,chr1-1063842-1064493,chr1-1307312-1308984
AAACAGCCACCAACCG-1,chr1-1063842-1064493,chr1-1348410-1349933
AAACAGCCACCAACCG-1,chr1-1063842-1064493,chr1-1406441-1408001
AAACAGCCACCAACCG-1,chr1-1068439-1070346,chr1-1079381-1080395
AAACAGCCACCAACCG-1,chr1-1068439-1070346,chr1-1115433-1117003
AAACAGCCACCAACCG-1,chr1-1068439-1070346,chr1-1156840-1158759
AAACAGCCACCAACCG-1,chr1-1068439-1070346,chr1-1231132-1232706
AAACAGCCACCAACCG-1,chr1-1068439-1070346,chr1-1307312-1308984
AAACAGCCACCAACCG-1,chr1-1068439-1070346,chr1-1348410-1349933
AAACAGCCACCAACCG-1,chr1-1068439-1070346,chr1-1406441-1408001
AAACAGCCACCAACCG-1,chr1-1079381-1080395,chr1-1115433-1117003
AAACAGCCACCAACCG-1,chr1-1079381-1080395,chr1-1156840-1158759
AAACAGCCACCAACCG-1,chr1-1079381-1080395,chr1-1231132-1232706
AAACAGCCACCAACCG-1,chr1-1079381-1080395,chr1-1307312-1308984
AAACAGCCACCAACCG-1,chr1-1079381-1080395,chr1-1348410-1349933
AAACAGCCACCAACCG-1,chr1-1079381-1080395,chr1-1406441-1408001
AAACAGCCACCAACCG-1,chr1-1115433-1117003,chr1-1156840-1158759
AAACAGCCACCAACCG-1,chr1-1115433-1117003,chr1-1231132-1232706
AAACAGCCACCAACCG-1,chr1-1115433-1117003,chr1-1307312-1308984
AAACAGCCACCAACCG-1,chr1-1115433-1117003,chr1-1348410-1349933
AAACAGCCACCAACCG-1,chr1-1115433-1117003,chr1-1406441-1408001
AAACAGCCACCAACCG-1,chr1-1156840-1158759,chr1-1231132-1232706
AAACAGCCACCAACCG-1,chr1-1156840-1158759,chr1-1307312-1308984
AAACAGCCACCAACCG-1,chr1-1156840-1158759,chr1-1348410-1349933
AAACAGCCACCAACCG-1,chr1-1156840-1158759,chr1-1406441-1408001
AAACAGCCACCAACCG-1,chr1-1231132-1232706,chr1-1307312-1308984
AAACAGCCACCAACCG-1,chr1-1231132-1232706,chr1-1348410-1349933
AAACAGCCACCAACCG-1,chr1-1231132-1232706,chr1-1406441-1408001
AAACAGCCACCAACCG-1,chr1-1307312-1308984,chr1-1348410-1349933
AAACAGCCACCAACCG-1,chr1-1307312-1308984,chr1-1406441-1408001
AAACAGCCACCAACCG-1,chr1-1348410-1349933,chr1-1406441-1408001
AAACAGCCAGGATAAC-1,chr1-1019134-1020928,chr1-1032442-1034259
AAACAGCCAGGATAAC-1,chr1-1019134-1020928,chr1-1068439-1070346
AAACAGCCAGGATAAC-1,chr1-1019134-1020928,chr1-1206503-1206847
AAACAGCCAGGATAAC-1,chr1-1019134-1020928,chr1-1305326-1305857
AAACAGCCAGGATAAC-1,chr1-1019134-1020928,chr1-1374487-1375870
AAACAGCCAGGATAAC-1,chr1-1032442-1034259,chr1-1068439-1070346
AAACAGCCAGGATAAC-1,chr1-1032442-1034259,chr1-1206503-1206847
AAACAGCCAGGATAAC-1,chr1-1032442-1034259,chr1-1305326-1305857
AAACAGCCAGGATAAC-1,chr1-1032442-1034259,chr1-1374487-1375870
AAACAGCCAGGATAAC-1,chr1-1068439-1070346,chr1-1206503-1206847
AAACAGCCAGGATAAC-1,chr1-1068439-1070346,chr1-1305326-1305857
AAACAGCCAGGATAAC-1,chr1-1068439-1070346,chr1-1374487-1375870
AAACAGCCAGGATAAC-1,chr1-1206503-1206847,chr1-1305326-1305857
AAACAGCCAGGATAAC-1,chr1-1206503-1206847,chr1-1374487-1375870
AAACAGCCAGGATAAC-1,chr1-1305326-1305857,chr1-1374487-1375870
AAACAGCCAGTAGGTG-1,chr1-777539-779314,chr1-826688-827799
AAACAGCCAGTAGGTG-1,chr1-777539-779314,chr1-869362-870246
AAACAGCCAGTAGGTG-1,chr1-777539-779314,chr1-904015-905600
AAACAGCCAGTAGGTG-1,chr1-777539-779314,chr1-941305-942797
AAACAGCCAGTAGGTG-1,chr1-777539-779314,chr1-958767-961294
AAACAGCCAGTAGGTG-1,chr1-777539-779314,chr1-966008-967180
AAACAGCCAGTAGGTG-1,chr1-777539-779314,chr1-1005080-1005406
AAACAGCCAGTAGGTG-1,chr1-777539-779314,chr1-1012822-1013976
AAACAGCCAGTAGGTG-1,chr1-777539-779314,chr1-1032442-1034259
AAACAGCCAGTAGGTG-1,chr1-777539-779314,chr1-1040054-1041304
AAACAGCCAGTAGGTG-1,chr1-777539-779314,chr1-1058811-1059846
AAACAGCCAGTAGGTG-1,chr1-777539-779314,chr1-1063842-1064493
AAACAGCCAGTAGGTG-1,chr1-777539-779314,chr1-1068439-1070346
AAACAGCCAGTAGGTG-1,chr1-777539-779314,chr1-1079381-1080395
AAACAGCCAGTAGGTG-1,chr1-777539-779314,chr1-1098650-1100002
AAACAGCCAGTAGGTG-1,chr1-777539-779314,chr1-1115433-1117003
AAACAGCCAGTAGGTG-1,chr1-777539-779314,chr1-1121753-1122808
AAACAGCCAGTAGGTG-1,chr1-777539-779314,chr1-1231132-1232706
AAACAGCCAGTAGGTG-1,chr1-777539-779314,chr1-1246311-1246904
AAACAGCCAGTAGGTG-1,chr1-777539-779314,chr1-1272786-1274599
AAACAGCCAGTAGGTG-1,chr1-777539-779314,chr1-1307312-1308984
AAACAGCCAGTAGGTG-1,chr1-777539-779314,chr1-1324183-1325301
AAACAGCCAGTAGGTG-1,chr1-777539-779314,chr1-1348410-1349933
AAACAGCCAGTAGGTG-1,chr1-777539-779314,chr1-1354448-1355634
AAACAGCCAGTAGGTG-1,chr1-777539-779314,chr1-1371041-1372299
AAACAGCCAGTAGGTG-1,chr1-777539-779314,chr1-1374487-1375870
AAACAGCCAGTAGGTG-1,chr1-777539-779314,chr1-1398575-1400263
AAACAGCCAGTAGGTG-1,chr1-777539-779314,chr1-1433832-1434698
AAACAGCCAGTAGGTG-1,chr1-777539-779314,chr1-1435161-1435852
AAACAGCCAGTAGGTG-1,chr1-826688-827799,chr1-869362-870246
AAACAGCCAGTAGGTG-1,chr1-826688-827799,chr1-904015-905600
AAACAGCCAGTAGGTG-1,chr1-826688-827799,chr1-941305-942797
AAACAGCCAGTAGGTG-1,chr1-826688-827799,chr1-958767-961294
AAACAGCCAGTAGGTG-1,chr1-826688-827799,chr1-966008-967180
AAACAGCCAGTAGGTG-1,chr1-826688-827799,chr1-1005080-1005406
AAACAGCCAGTAGGTG-1,chr1-826688-827799,chr1-1012822-1013976
AAACAGCCAGTAGGTG-1,chr1-826688-827799,chr1-1032442-1034259
AAACAGCCAGTAGGTG-1,chr1-826688-827799,chr1-1040054-1041304
AAACAGCCAGTAGGTG-1,chr1-826688-827799,chr1-1058811-1059846
AAACAGCCAGTAGGTG-1,chr1-826688-827799,chr1-1063842-1064493
AAACAGCCAGTAGGTG-1,chr1-826688-827799,chr1-1068439-1070346
AAACAGCCAGTAGGTG-1,chr1-826688-827799,chr1-1079381-1080395
AAACAGCCAGTAGGTG-1,chr1-826688-827799,chr1-1098650-1100002
AAACAGCCAGTAGGTG-1,chr1-826688-827799,chr1-1115433-1117003
AAACAGCCAGTAGGTG-1,chr1-826688-827799,chr1-1121753-1122808
AAACAGCCAGTAGGTG-1,chr1-826688-827799,chr1-1231132-1232706
AAACAGCCAGTAGGTG-1,chr1-826688-827799,chr1-1246311-1246904
AAACAGCCAGTAGGTG-1,chr1-826688-827799,chr1-1272786-1274599
AAACAGCCAGTAGGTG-1,chr1-826688-827799,chr1-1307312-1308984
AAACAGCCAGTAGGTG-1,chr1-826688-827799,chr1-1324183-1325301
AAACAGCCAGTAGGTG-1,chr1-826688-827799,chr1-1348410-1349933
AAACAGCCAGTAGGTG-1,chr1-826688-827799,chr1-1354448-1355634
AAACAGCCAGTAGGTG-1,chr1-826688-827799,chr1-1371041-1372299
AAACAGCCAGTAGGTG-1,chr1-826688-827799,chr1-1374487-1375870
AAACAGCCAGTAGGTG-1,chr1-826688-827799,chr1-1398575-1400263
AAACAGCCAGTAGGTG-1,chr1-826688-827799,chr1-1433832-1434698
AAACAGCCAGTAGGTG-1,chr1-826688-827799,chr1-1435161-1435852
AAACAGCCAGTAGGTG-1,chr1-869362-870246,chr1-904015-905600
AAACAGCCAGTAGGTG-1,chr1-869362-870246,chr1-941305-942797
AAACAGCCAGTAGGTG-1,chr1-869362-870246,chr1-958767-961294
AAACAGCCAGTAGGTG-1,chr1-869362-870246,chr1-966008-967180
AAACAGCCAGTAGGTG-1,chr1-869362-870246,chr1-1005080-1005406
AAACAGCCAGTAGGTG-1,chr1-869362-870246,chr1-1012822-1013976
AAACAGCCAGTAGGTG-1,chr1-869362-870246,chr1-1032442-1034259
AAACAGCCAGTAGGTG-1,chr1-869362-870246,chr1-1040054-1041304
AAACAGCCAGTAGGTG-1,chr1-869362-870246,chr1-1058811-1059846
AAACAGCCAGTAGGTG-1,chr1-869362-870246,chr1-1063842-1064493
AAACAGCCAGTAGGTG-1,chr1-869362-870246,chr1-1068439-1070346
AAACAGCCAGTAGGTG-1,chr1-869362-870246,chr1-1079381-1080395
AAACAGCCAGTAGGTG-1,chr1-869362-870246,chr1-1098650-1100002
AAACAGCCAGTAGGTG-1,chr1-869362-870246,chr1-1115433-1117003
AAACAGCCAGTAGGTG-1,chr1-869362-870246,chr1-1121753-1122808
AAACAGCCAGTAGGTG-1,chr1-869362-870246,chr1-1231132-1232706
AAACAGCCAGTAGGTG-1,chr1-869362-870246,chr1-1246311-1246904
AAACAGCCAGTAGGTG-1,chr1-869362-870246,chr1-1272786-1274599
AAACAGCCAGTAGGTG-1,chr1-869362-870246,chr1-1307312-1308984
AAACAGCCAGTAGGTG-1,chr1-869362-870246,chr1-1324183-1325301
AAACAGCCAGTAGGTG-1,chr1-869362-870246,chr1-1348410-1349933
AAACAGCCAGTAGGTG-1,chr1-869362-870246,chr1-1354448-1355634
AAACAGCCAGTAGGTG-1,chr1-869362-870246,chr1-1371041-1372299
AAACAGCCAGTAGGTG-1,chr1-869362-870246,chr1-1374487-1375870
AAACAGCCAGTAGGTG-1,chr1-869362-870246,chr1-1398575-1400263
AAACAGCCAGTAGGTG-1,chr1-869362-870246,chr1-1433832-1434698
AAACAGCCAGTAGGTG-1,chr1-869362-870246,chr1-1435161-1435852
AAACAGCCAGTAGGTG-1,chr1-904015-905600,chr1-941305-942797
AAACAGCCAGTAGGTG-1,chr1-904015-905600,chr1-958767-961294
AAACAGCCAGTAGGTG-1,chr1-904015-905600,chr1-966008-967180
AAACAGCCAGTAGGTG-1,chr1-904015-905600,chr1-1005080-1005406
AAACAGCCAGTAGGTG-1,chr1-904015-905600,chr1-1012822-1013976
AAACAGCCAGTAGGTG-1,chr1-904015-905600,chr1-1032442-1034259
AAACAGCCAGTAGGTG-1,chr1-904015-905600,chr1-1040054-1041304
AAACAGCCAGTAGGTG-1,chr1-904015-905600,chr1-1058811-1059846
AAACAGCCAGTAGGTG-1,chr1-904015-905600,chr1-1063842-1064493
AAACAGCCAGTAGGTG-1,chr1-904015-905600,chr1-1068439-1070346
AAACAGCCAGTAGGTG-1,chr1-904015-905600,chr1-1079381-1080395
AAACAGCCAGTAGGTG-1,chr1-904015-905600,chr1-1098650-1100002
AAACAGCCAGTAGGTG-1,chr1-904015-905600,chr1-1115433-1117003
AAACAGCCAGTAGGTG-1,chr1-904015-905600,chr1-1121753-1122808
AAACAGCCAGTAGGTG-1,chr1-904015-905600,chr1-1231132-1232706
AAACAGCCAGTAGGTG-1,chr1-904015-905600,chr1-1246311-1246904
AAACAGCCAGTAGGTG-1,chr1-904015-905600,chr1-1272786-1274599
AAACAGCCAGTAGGTG-1,chr1-904015-905600,chr1-1307312-1308984
AAACAGCCAGTAGGTG-1,chr1-904015-905600,chr1-1324183-1325301
AAACAGCCAGTAGGTG-1,chr1-904015-905600,chr1-1348410-1349933
AAACAGCCAGTAGGTG-1,chr1-904015-905600,chr1-1354448-1355634
AAACAGCCAGTAGGTG-1,chr1-904015-905600,chr1-1371041-1372299
AAACAGCCAGTAGGTG-1,chr1-904015-905600,chr1-1374487-1375870
AAACAGCCAGTAGGTG-1,chr1-904015-905600,chr1-1398575-1400263
AAACAGCCAGTAGGTG-1,chr1-904015-905600,chr1-1433832-1434698
AAACAGCCAGTAGGTG-1,chr1-904015-905600,chr1-1435161-1435852
AAACAGCCAGTAGGTG-1,chr1-941305-942797,chr1-958767-961294
AAACAGCCAGTAGGTG-1,chr1-941305-942797,chr1-966008-967180
AAACAGCCAGTAGGTG-1,chr1-941305-942797,chr1-1005080-1005406
AAACAGCCAGTAGGTG-1,chr1-941305-942797,chr1-1012822-1013976
AAACAGCCAGTAGGTG-1,chr1-941305-942797,chr1-1032442-1034259
AAACAGCCAGTAGGTG-1,chr1-941305-942797,chr1-1040054-1041304
AAACAGCCAGTAGGTG-1,chr1-941305-942797,chr1-1058811-1059846
AAACAGCCAGTAGGTG-1,chr1-941305-942797,chr1-1063842-1064493
AAACAGCCAGTAGGTG-1,chr1-941305-942797,chr1-1068439-1070346
AAACAGCCAGTAGGTG-1,chr1-941305-942797,chr1-1079381-1080395
AAACAGCCAGTAGGTG-1,chr1-941305-942797,chr1-1098650-1100002
AAACAGCCAGTAGGTG-1,chr1-941305-942797,chr1-1115433-1117003
AAACAGCCAGTAGGTG-1,chr1-941305-942797,chr1-1121753-1122808
AAACAGCCAGTAGGTG-1,chr1-941305-942797,chr1-1231132-1232706
AAACAGCCAGTAGGTG-1,chr1-941305-942797,chr1-1246311-1246904
AAACAGCCAGTAGGTG-1,chr1-941305-942797,chr1-1272786-1274599
AAACAGCCAGTAGGTG-1,chr1-941305-942797,chr1-1307312-1308984
AAACAGCCAGTAGGTG-1,chr1-941305-942797,chr1-1324183-1325301
AAACAGCCAGTAGGTG-1,chr1-941305-942797,chr1-1348410-1349933
AAACAGCCAGTAGGTG-1,chr1-941305-942797,chr1-1354448-1355634
AAACAGCCAGTAGGTG-1,chr1-941305-942797,chr1-1371041-1372299
AAACAGCCAGTAGGTG-1,chr1-941305-942797,chr1-1374487-1375870
AAACAGCCAGTAGGTG-1,chr1-941305-942797,chr1-1398575-1400263
AAACAGCCAGTAGGTG-1,chr1-941305-942797,chr1-1433832-1434698
AAACAGCCAGTAGGTG-1,chr1-941305-942797,chr1-1435161-1435852
AAACAGCCAGTAGGTG-1,chr1-958767-961294,chr1-966008-967180
AAACAGCCAGTAGGTG-1,chr1-958767-961294,chr1-1005080-1005406
AAACAGCCAGTAGGTG-1,chr1-958767-961294,chr1-1012822-1013976
AAACAGCCAGTAGGTG-1,chr1-958767-961294,chr1-1032442-1034259
AAACAGCCAGTAGGTG-1,chr1-958767-961294,chr1-1040054-1041304
AAACAGCCAGTAGGTG-1,chr1-958767-961294,chr1-1058811-1059846
AAACAGCCAGTAGGTG-1,chr1-958767-961294,chr1-1063842-1064493
AAACAGCCAGTAGGTG-1,chr1-958767-961294,chr1-1068439-1070346
AAACAGCCAGTAGGTG-1,chr1-958767-961294,chr1-1079381-1080395
AAACAGCCAGTAGGTG-1,chr1-958767-961294,chr1-1098650-1100002
AAACAGCCAGTAGGTG-1,chr1-958767-961294,chr1-1115433-1117003
AAACAGCCAGTAGGTG-1,chr1-958767-961294,chr1-1121753-1122808
AAACAGCCAGTAGGTG-1,chr1-958767-961294,chr1-1231132-1232706
AAACAGCCAGTAGGTG-1,chr1-958767-961294,chr1-1246311-1246904
AAACAGCCAGTAGGTG-1,chr1-958767-961294,chr1-1272786-1274599
AAACAGCCAGTAGGTG-1,chr1-958767-961294,chr1-1307312-1308984
AAACAGCCAGTAGGTG-1,chr1-958767-961294,chr1-1324183-1325301
AAACAGCCAGTAGGTG-1,chr1-958767-961294,chr1-1348410-1349933
AAACAGCCAGTAGGTG-1,chr1-958767-961294,chr1-1354448-1355634
AAACAGCCAGTAGGTG-1,chr1-958767-961294,chr1-1371041-1372299
AAACAGCCAGTAGGTG-1,chr1-958767-961294,chr1-1374487-1375870
AAACAGCCAGTAGGTG-1,chr1-958767-961294,chr1-1398575-1400263
AAACAGCCAGTAGGTG-1,chr1-958767-961294,chr1-1433832-1434698
AAACAGCCAGTAGGTG-1,chr1-958767-961294,chr1-1435161-1435852
AAACAGCCAGTAGGTG-1,chr1-966008-967180,chr1-1005080-1005406
AAACAGCCAGTAGGTG-1,chr1-966008-967180,chr1-1012822-1013976
AAACAGCCAGTAGGTG-1,chr1-966008-967180,chr1-1032442-1034259
AAACAGCCAGTAGGTG-1,chr1-966008-967180,chr1-1040054-1041304
AAACAGCCAGTAGGTG-1,chr1-966008-967180,chr1-1058811-1059846
AAACAGCCAGTAGGTG-1,chr1-966008-967180,chr1-1063842-1064493
AAACAGCCAGTAGGTG-1,chr1-966008-967180,chr1-1068439-1070346
AAACAGCCAGTAGGTG-1,chr1-966008-967180,chr1-1079381-1080395
AAACAGCCAGTAGGTG-1,chr1-966008-967180,chr1-1098650-1100002
AAACAGCCAGTAGGTG-1,chr1-966008-967180,chr1-1115433-1117003
AAACAGCCAGTAGGTG-1,chr1-966008-967180,chr1-1121753-1122808
AAACAGCCAGTAGGTG-1,chr1-966008-967180,chr1-1231132-1232706
AAACAGCCAGTAGGTG-1,chr1-966008-967180,chr1-1246311-1246904
AAACAGCCAGTAGGTG-1,chr1-966008-967180,chr1-1272786-1274599
AAACAGCCAGTAGGTG-1,chr1-966008-967180,chr1-1307312-1308984
AAACAGCCAGTAGGTG-1,chr1-966008-967180,chr1-1324183-1325301
AAACAGCCAGTAGGTG-1,chr1-966008-967180,chr1-1348410-1349933
AAACAGCCAGTAGGTG-1,chr1-966008-967180,chr1-1354448-1355634
AAACAGCCAGTAGGTG-1,chr1-966008-967180,chr1-1371041-1372299
AAACAGCCAGTAGGTG-1,chr1-966008-967180,chr1-1374487-1375870
AAACAGCCAGTAGGTG-1,chr1-966008-967180,chr1-1398575-1400263
AAACAGCCAGTAGGTG-1,chr1-966008-967180,chr1-1433832-1434698
AAACAGCCAGTAGGTG-1,chr1-966008-967180,chr1-1435161-1435852
AAACAGCCAGTAGGTG-1,chr1-1005080-1005406,chr1-1012822-1013976
AAACAGCCAGTAGGTG-1,chr1-1005080-1005406,chr1-1032442-1034259
AAACAGCCAGTAGGTG-1,chr1-1005080-1005406,chr1-1040054-1041304
AAACAGCCAGTAGGTG-1,chr1-1005080-1005406,chr1-1058811-1059846
AAACAGCCAGTAGGTG-1,chr1-1005080-1005406,chr1-1063842-1064493
AAACAGCCAGTAGGTG-1,chr1-1005080-1005406,chr1-1068439-1070346
AAACAGCCAGTAGGTG-1,chr1-1005080-1005406,chr1-1079381-1080395
AAACAGCCAGTAGGTG-1,chr1-1005080-1005406,chr1-1098650-1100002
AAACAGCCAGTAGGTG-1,chr1-1005080-1005406,chr1-1115433-1117003
AAACAGCCAGTAGGTG-1,chr1-1005080-1005406,chr1-1121753-1122808
AAACAGCCAGTAGGTG-1,chr1-1005080-1005406,chr1-1231132-1232706
AAACAGCCAGTAGGTG-1,chr1-1005080-1005406,chr1-1246311-1246904
AAACAGCCAGTAGGTG-1,chr1-1005080-1005406,chr1-1272786-1274599
AAACAGCCAGTAGGTG-1,chr1-1005080-1005406,chr1-1307312-1308984
AAACAGCCAGTAGGTG-1,chr1-1005080-1005406,chr1-1324183-1325301
AAACAGCCAGTAGGTG-1,chr1-1005080-1005406,chr1-1348410-1349933
AAACAGCCAGTAGGTG-1,chr1-1005080-1005406,chr1-1354448-1355634
AAACAGCCAGTAGGTG-1,chr1-1005080-1005406,chr1-1371041-1372299
AAACAGCCAGTAGGTG-1,chr1-1005080-1005406,chr1-1374487-1375870
AAACAGCCAGTAGGTG-1,chr1-1005080-1005406,chr1-1398575-1400263
AAACAGCCAGTAGGTG-1,chr1-1005080-1005406,chr1-1433832-1434698
AAACAGCCAGTAGGTG-1,chr1-1005080-1005406,chr1-1435161-1435852
AAACAGCCAGTAGGTG-1,chr1-1012822-1013976,chr1-1032442-1034259
AAACAGCCAGTAGGTG-1,chr1-1012822-1013976,chr1-1040054-1041304
AAACAGCCAGTAGGTG-1,chr1-1012822-1013976,chr1-1058811-1059846
AAACAGCCAGTAGGTG-1,chr1-1012822-1013976,chr1-1063842-1064493
AAACAGCCAGTAGGTG-1,chr1-1012822-1013976,chr1-1068439-1070346
AAACAGCCAGTAGGTG-1,chr1-1012822-1013976,chr1-1079381-1080395
AAACAGCCAGTAGGTG-1,chr1-1012822-1013976,chr1-1098650-1100002
AAACAGCCAGTAGGTG-1,chr1-1012822-1013976,chr1-1115433-1117003
AAACAGCCAGTAGGTG-1,chr1-1012822-1013976,chr1-1121753-1122808
AAACAGCCAGTAGGTG-1,chr1-1012822-1013976,chr1-1231132-1232706
AAACAGCCAGTAGGTG-1,chr1-1012822-1013976,chr1-1246311-1246904
AAACAGCCAGTAGGTG-1,chr1-1012822-1013976,chr1-1272786-1274599
AAACAGCCAGTAGGTG-1,chr1-1012822-1013976,chr1-1307312-1308984
AAACAGCCAGTAGGTG-1,chr1-1012822-1013976,chr1-1324183-1325301
AAACAGCCAGTAGGTG-1,chr1-1012822-1013976,chr1-1348410-1349933
AAACAGCCAGTAGGTG-1,chr1-1012822-1013976,chr1-1354448-1355634
AAACAGCCAGTAGGTG-1,chr1-1012822-1013976,chr1-1371041-1372299
AAACAGCCAGTAGGTG-1,chr1-1012822-1013976,chr1-1374487-1375870
AAACAGCCAGTAGGTG-1,chr1-1012822-1013976,chr1-1398575-1400263
AAACAGCCAGTAGGTG-1,chr1-1012822-1013976,chr1-1433832-1434698
AAACAGCCAGTAGGTG-1,chr1-1012822-1013976,chr1-1435161-1435852
AAACAGCCAGTAGGTG-1,chr1-1032442-1034259,chr1-1040054-1041304
AAACAGCCAGTAGGTG-1,chr1-1032442-1034259,chr1-1058811-1059846
AAACAGCCAGTAGGTG-1,chr1-1032442-1034259,chr1-1063842-1064493
AAACAGCCAGTAGGTG-1,chr1-1032442-1034259,chr1-1068439-1070346
AAACAGCCAGTAGGTG-1,chr1-1032442-1034259,chr1-1079381-1080395
AAACAGCCAGTAGGTG-1,chr1-1032442-1034259,chr1-1098650-1100002
AAACAGCCAGTAGGTG-1,chr1-1032442-1034259,chr1-1115433-1117003
AAACAGCCAGTAGGTG-1,chr1-1032442-1034259,chr1-1121753-1122808
AAACAGCCAGTAGGTG-1,chr1-1032442-1034259,chr1-1231132-1232706
AAACAGCCAGTAGGTG-1,chr1-1032442-1034259,chr1-1246311-1246904
AAACAGCCAGTAGGTG-1,chr1-1032442-1034259,chr1-1272786-1274599
AAACAGCCAGTAGGTG-1,chr1-1032442-1034259,chr1-1307312-1308984
AAACAGCCAGTAGGTG-1,chr1-1032442-1034259,chr1-1324183-1325301
AAACAGCCAGTAGGTG-1,chr1-1032442-1034259,chr1-1348410-1349933
AAACAGCCAGTAGGTG-1,chr1-1032442-1034259,chr1-1354448-1355634
AAACAGCCAGTAGGTG-1,chr1-1032442-1034259,chr1-1371041-1372299
AAACAGCCAGTAGGTG-1,chr1-1032442-1034259,chr1-1374487-1375870
AAACAGCCAGTAGGTG-1,chr1-1032442-1034259,chr1-1398575-1400263
AAACAGCCAGTAGGTG-1,chr1-1032442-1034259,chr1-1433832-1434698
AAACAGCCAGTAGGTG-1,chr1-1032442-1034259,chr1-1435161-1435852
AAACAGCCAGTAGGTG-1,chr1-1040054-1041304,chr1-1058811-1059846
AAACAGCCAGTAGGTG-1,chr1-1040054-1041304,chr1-1063842-1064493
AAACAGCCAGTAGGTG-1,chr1-1040054-1041304,chr1-1068439-1070346
AAACAGCCAGTAGGTG-1,chr1-1040054-1041304,chr1-1079381-1080395
AAACAGCCAGTAGGTG-1,chr1-1040054-1041304,chr1-1098650-1100002
AAACAGCCAGTAGGTG-1,chr1-1040054-1041304,chr1-1115433-1117003
AAACAGCCAGTAGGTG-1,chr1-1040054-1041304,chr1-1121753-1122808
AAACAGCCAGTAGGTG-1,chr1-1040054-1041304,chr1-1231132-1232706
AAACAGCCAGTAGGTG-1,chr1-1040054-1041304,chr1-1246311-1246904
AAACAGCCAGTAGGTG-1,chr1-1040054-1041304,chr1-1272786-1274599
AAACAGCCAGTAGGTG-1,chr1-1040054-1041304,chr1-1307312-1308984
AAACAGCCAGTAGGTG-1,chr1-1040054-1041304,chr1-1324183-1325301
AAACAGCCAGTAGGTG-1,chr1-1040054-1041304,chr1-1348410-1349933
AAACAGCCAGTAGGTG-1,chr1-1040054-1041304,chr1-1354448-1355634
AAACAGCCAGTAGGTG-1,chr1-1040054-1041304,chr1-1371041-1372299
AAACAGCCAGTAGGTG-1,chr1-1040054-1041304,chr1-1374487-1375870
AAACAGCCAGTAGGTG-1,chr1-1040054-1041304,chr1-1398575-1400263
AAACAGCCAGTAGGTG-1,chr1-1040054-1041304,chr1-1433832-1434698
AAACAGCCAGTAGGTG-1,chr1-1040054-1041304,chr1-1435161-1435852
AAACAGCCAGTAGGTG-1,chr1-1058811-1059846,chr1-1063842-1064493
AAACAGCCAGTAGGTG-1,chr1-1058811-1059846,chr1-1068439-1070346
AAACAGCCAGTAGGTG-1,chr1-1058811-1059846,chr1-1079381-1080395
AAACAGCCAGTAGGTG-1,chr1-1058811-1059846,chr1-1098650-1100002
AAACAGCCAGTAGGTG-1,chr1-1058811-1059846,chr1-1115433-1117003
AAACAGCCAGTAGGTG-1,chr1-1058811-1059846,chr1-1121753-1122808
AAACAGCCAGTAGGTG-1,chr1-1058811-1059846,chr1-1231132-1232706
AAACAGCCAGTAGGTG-1,chr1-1058811-1059846,chr1-1246311-1246904
AAACAGCCAGTAGGTG-1,chr1-1058811-1059846,chr1-1272786-1274599
AAACAGCCAGTAGGTG-1,chr1-1058811-1059846,chr1-1307312-1308984
AAACAGCCAGTAGGTG-1,chr1-1058811-1059846,chr1-1324183-1325301
AAACAGCCAGTAGGTG-1,chr1-1058811-1059846,chr1-1348410-1349933
AAACAGCCAGTAGGTG-1,chr1-1058811-1059846,chr1-1354448-1355634
AAACAGCCAGTAGGTG-1,chr1-1058811-1059846,chr1-1371041-1372299
AAACAGCCAGTAGGTG-1,chr1-1058811-1059846,chr1-1374487-1375870
AAACAGCCAGTAGGTG-1,chr1-1058811-1059846,chr1-1398575-1400263
AAACAGCCAGTAGGTG-1,chr1-1058811-1059846,chr1-1433832-1434698
AAACAGCCAGTAGGTG-1,chr1-1058811-1059846,chr1-1435161-1435852
AAACAGCCAGTAGGTG-1,chr1-1063842-1064493,chr1-1068439-1070346
AAACAGCCAGTAGGTG-1,chr1-1063842-1064493,chr1-1079381-1080395
AAACAGCCAGTAGGTG-1,chr1-1063842-1064493,chr1-1098650-1100002
AAACAGCCAGTAGGTG-1,chr1-1063842-1064493,chr1-1115433-1117003
AAACAGCCAGTAGGTG-1,chr1-1063842-1064493,chr1-1121753-1122808
AAACAGCCAGTAGGTG-1,chr1-1063842-1064493,chr1-1231132-1232706
AAACAGCCAGTAGGTG-1,chr1-1063842-1064493,chr1-1246311-1246904
AAACAGCCAGTAGGTG-1,chr1-1063842-1064493,chr1-1272786-1274599
AAACAGCCAGTAGGTG-1,chr1-1063842-1064493,chr1-1307312-1308984
AAACAGCCAGTAGGTG-1,chr1-1063842-1064493,chr1-1324183-1325301
AAACAGCCAGTAGGTG-1,chr1-1063842-1064493,chr1-1348410-1349933
AAACAGCCAGTAGGTG-1,chr1-1063842-1064493,chr1-1354448-1355634
AAACAGCCAGTAGGTG-1,chr1-1063842-1064493,chr1-1371041-1372299
AAACAGCCAGTAGGTG-1,chr1-1063842-1064493,chr1-1374487-1375870
AAACAGCCAGTAGGTG-1,chr1-1063842-1064493,chr1-1398575-1400263
AAACAGCCAGTAGGTG-1,chr1-1063842-1064493,chr1-1433832-1434698
AAACAGCCAGTAGGTG-1,chr1-1063842-1064493,chr1-1435161-1435852
AAACAGCCAGTAGGTG-1,chr1-1068439-1070346,chr1-1079381-1080395
AAACAGCCAGTAGGTG-1,chr1-1068439-1070346,chr1-1098650-1100002
AAACAGCCAGTAGGTG-1,chr1-1068439-1070346,chr1-1115433-1117003
AAACAGCCAGTAGGTG-1,chr1-1068439-1070346,chr1-1121753-1122808
AAACAGCCAGTAGGTG-1,chr1-1068439-1070346,chr1-1231132-1232706
AAACAGCCAGTAGGTG-1,chr1-1068439-1070346,chr1-1246311-1246904
AAACAGCCAGTAGGTG-1,chr1-1068439-1070346,chr1-1272786-1274599
AAACAGCCAGTAGGTG-1,chr1-1068439-1070346,chr1-1307312-1308984
AAACAGCCAGTAGGTG-1,chr1-1068439-1070346,chr1-1324183-1325301
AAACAGCCAGTAGGTG-1,chr1-1068439-1070346,chr1-1348410-1349933
AAACAGCCAGTAGGTG-1,chr1-1068439-1070346,chr1-1354448-1355634
AAACAGCCAGTAGGTG-1,chr1-1068439-1070346,chr1-1371041-1372299
AAACAGCCAGTAGGTG-1,chr1-1068439-1070346,chr1-1374487-1375870
AAACAGCCAGTAGGTG-1,chr1-1068439-1070346,chr1-1398575-1400263
AAACAGCCAGTAGGTG-1,chr1-1068439-1070346,chr1-1433832-1434698
AAACAGCCAGTAGGTG-1,chr1-1068439-1070346,chr1-1435161-1435852
AAACAGCCAGTAGGTG-1,chr1-1079381-1080395,chr1-1098650-1100002
AAACAGCCAGTAGGTG-1,chr1-1079381-1080395,chr1-1115433-1117003
AAACAGCCAGTAGGTG-1,chr1-1079381-1080395,chr1-1121753-1122808
AAACAGCCAGTAGGTG-1,chr1-1079381-1080395,chr1-1231132-1232706
AAACAGCCAGTAGGTG-1,chr1-1079381-1080395,chr1-1246311-1246904
AAACAGCCAGTAGGTG-1,chr1-1079381-1080395,chr1-1272786-1274599
AAACAGCCAGTAGGTG-1,chr1-1079381-1080395,chr1-1307312-1308984
AAACAGCCAGTAGGTG-1,chr1-1079381-1080395,chr1-1324183-1325301
AAACAGCCAGTAGGTG-1,chr1-1079381-1080395,chr1-1348410-1349933
AAACAGCCAGTAGGTG-1,chr1-1079381-1080395,chr1-1354448-1355634
AAACAGCCAGTAGGTG-1,chr1-1079381-1080395,chr1-1371041-1372299
AAACAGCCAGTAGGTG-1,chr1-1079381-1080395,chr1-1374487-1375870
AAACAGCCAGTAGGTG-1,chr1-1079381-1080395,chr1-1398575-1400263
AAACAGCCAGTAGGTG-1,chr1-1079381-1080395,chr1-1433832-1434698
AAACAGCCAGTAGGTG-1,chr1-1079381-1080395,chr1-1435161-1435852
AAACAGCCAGTAGGTG-1,chr1-1098650-1100002,chr1-1115433-1117003
AAACAGCCAGTAGGTG-1,chr1-1098650-1100002,chr1-1121753-1122808
AAACAGCCAGTAGGTG-1,chr1-1098650-1100002,chr1-1231132-1232706
AAACAGCCAGTAGGTG-1,chr1-1098650-1100002,chr1-1246311-1246904
AAACAGCCAGTAGGTG-1,chr1-1098650-1100002,chr1-1272786-1274599
AAACAGCCAGTAGGTG-1,chr1-1098650-1100002,chr1-1307312-1308984
AAACAGCCAGTAGGTG-1,chr1-1098650-1100002,chr1-1324183-1325301
AAACAGCCAGTAGGTG-1,chr1-1098650-1100002,chr1-1348410-1349933
AAACAGCCAGTAGGTG-1,chr1-1098650-1100002,chr1-1354448-1355634
AAACAGCCAGTAGGTG-1,chr1-1098650-1100002,chr1-1371041-1372299
AAACAGCCAGTAGGTG-1,chr1-1098650-1100002,chr1-1374487-1375870
AAACAGCCAGTAGGTG-1,chr1-1098650-1100002,chr1-1398575-1400263
AAACAGCCAGTAGGTG-1,chr1-1098650-1100002,chr1-1433832-1434698
AAACAGCCAGTAGGTG-1,chr1-1098650-1100002,chr1-1435161-1435852
AAACAGCCAGTAGGTG-1,chr1-1115433-1117003,chr1-1121753-1122808
AAACAGCCAGTAGGTG-1,chr1-1115433-1117003,chr1-1231132-1232706
AAACAGCCAGTAGGTG-1,chr1-1115433-1117003,chr1-1246311-1246904
AAACAGCCAGTAGGTG-1,chr1-1115433-1117003,chr1-1272786-1274599
AAACAGCCAGTAGGTG-1,chr1-1115433-1117003,chr1-1307312-1308984
AAACAGCCAGTAGGTG-1,chr1-1115433-1117003,chr1-1324183-1325301
AAACAGCCAGTAGGTG-1,chr1-1115433-1117003,chr1-1348410-1349933
AAACAGCCAGTAGGTG-1,chr1-1115433-1117003,chr1-1354448-1355634
AAACAGCCAGTAGGTG-1,chr1-1115433-1117003,chr1-1371041-1372299
AAACAGCCAGTAGGTG-1,chr1-1115433-1117003,chr1-1374487-1375870
AAACAGCCAGTAGGTG-1,chr1-1115433-1117003,chr1-1398575-1400263
AAACAGCCAGTAGGTG-1,chr1-1115433-1117003,chr1-1433832-1434698
AAACAGCCAGTAGGTG-1,chr1-1115433-1117003,chr1-1435161-1435852
AAACAGCCAGTAGGTG-1,chr1-1121753-1122808,chr1-1231132-1232706
AAACAGCCAGTAGGTG-1,chr1-1121753-1122808,chr1-1246311-1246904
AAACAGCCAGTAGGTG-1,chr1-1121753-1122808,chr1-1272786-1274599
AAACAGCCAGTAGGTG-1,chr1-1121753-1122808,chr1-1307312-1308984
AAACAGCCAGTAGGTG-1,chr1-1121753-1122808,chr1-1324183-1325301
AAACAGCCAGTAGGTG-1,chr1-1121753-1122808,chr1-1348410-1349933
AAACAGCCAGTAGGTG-1,chr1-1121753-1122808,chr1-1354448-1355634
AAACAGCCAGTAGGTG-1,chr1-1121753-1122808,chr1-1371041-1372299
AAACAGCCAGTAGGTG-1,chr1-1121753-1122808,chr1-1374487-1375870
AAACAGCCAGTAGGTG-1,chr1-1121753-1122808,chr1-1398575-1400263
AAACAGCCAGTAGGTG-1,chr1-1121753-1122808,chr1-1433832-1434698
AAACAGCCAGTAGGTG-1,chr1-1121753-1122808,chr1-1435161-1435852
AAACAGCCAGTAGGTG-1,chr1-1231132-1232706,chr1-1246311-1246904
AAACAGCCAGTAGGTG-1,chr1-1231132-1232706,chr1-1272786-1274599
AAACAGCCAGTAGGTG-1,chr1-1231132-1232706,chr1-1307312-1308984
AAACAGCCAGTAGGTG-1,chr1-1231132-1232706,chr1-1324183-1325301
AAACAGCCAGTAGGTG-1,chr1-1231132-1232706,chr1-1348410-1349933
AAACAGCCAGTAGGTG-1,chr1-1231132-1232706,chr1-1354448-1355634
AAACAGCCAGTAGGTG-1,chr1-1231132-1232706,chr1-1371041-1372299
AAACAGCCAGTAGGTG-1,chr1-1231132-1232706,chr1-1374487-1375870
AAACAGCCAGTAGGTG-1,chr1-1231132-1232706,chr1-1398575-1400263
AAACAGCCAGTAGGTG-1,chr1-1231132-1232706,chr1-1433832-1434698
AAACAGCCAGTAGGTG-1,chr1-1231132-1232706,chr1-1435161-1435852
AAACAGCCAGTAGGTG-1,chr1-1246311-1246904,chr1-1272786-1274599
AAACAGCCAGTAGGTG-1,chr1-1246311-1246904,chr1-1307312-1308984
AAACAGCCAGTAGGTG-1,chr1-1246311-1246904,chr1-1324183-1325301
AAACAGCCAGTAGGTG-1,chr1-1246311-1246904,chr1-1348410-1349933
AAACAGCCAGTAGGTG-1,chr1-1246311-1246904,chr1-1354448-1355634
AAACAGCCAGTAGGTG-1,chr1-1246311-1246904,chr1-1371041-1372299
AAACAGCCAGTAGGTG-1,chr1-1246311-1246904,chr1-1374487-1375870
AAACAGCCAGTAGGTG-1,chr1-1246311-1246904,chr1-1398575-1400263
AAACAGCCAGTAGGTG-1,chr1-1246311-1246904,chr1-1433832-1434698
AAACAGCCAGTAGGTG-1,chr1-1246311-1246904,chr1-1435161-1435852
AAACAGCCAGTAGGTG-1,chr1-1272786-1274599,chr1-1307312-1308984
AAACAGCCAGTAGGTG-1,chr1-1272786-1274599,chr1-1324183-1325301
AAACAGCCAGTAGGTG-1,chr1-1272786-1274599,chr1-1348410-1349933
AAACAGCCAGTAGGTG-1,chr1-1272786-1274599,chr1-1354448-1355634
AAACAGCCAGTAGGTG-1,chr1-1272786-1274599,chr1-1371041-1372299
AAACAGCCAGTAGGTG-1,chr1-1272786-1274599,chr1-1374487-1375870
AAACAGCCAGTAGGTG-1,chr1-1272786-1274599,chr1-1398575-1400263
AAACAGCCAGTAGGTG-1,chr1-1272786-1274599,chr1-1433832-1434698
AAACAGCCAGTAGGTG-1,chr1-1272786-1274599,chr1-1435161-1435852
AAACAGCCAGTAGGTG-1,chr1-1307312-1308984,chr1-1324183-1325301
AAACAGCCAGTAGGTG-1,chr1-1307312-1308984,chr1-1348410-1349933
AAACAGCCAGTAGGTG-1,chr1-1307312-1308984,chr1-1354448-1355634
AAACAGCCAGTAGGTG-1,chr1-1307312-1308984,chr1-1371041-1372299
AAACAGCCAGTAGGTG-1,chr1-1307312-1308984,chr1-1374487-1375870
AAACAGCCAGTAGGTG-1,chr1-1307312-1308984,chr1-1398575-1400263
AAACAGCCAGTAGGTG-1,chr1-1307312-1308984,chr1-1433832-1434698
AAACAGCCAGTAGGTG-1,chr1-1307312-1308984,chr1-1435161-1435852
AAACAGCCAGTAGGTG-1,chr1-1324183-1325301,chr1-1348410-1349933
AAACAGCCAGTAGGTG-1,chr1-1324183-1325301,chr1-1354448-1355634
AAACAGCCAGTAGGTG-1,chr1-1324183-1325301,chr1-1371041-1372299
AAACAGCCAGTAGGTG-1,chr1-1324183-1325301,chr1-1374487-1375870
AAACAGCCAGTAGGTG-1,chr1-1324183-1325301,chr1-1398575-1400263
AAACAGCCAGTAGGTG-1,chr1-1324183-1325301,chr1-1433832-1434698
AAACAGCCAGTAGGTG-1,chr1-1324183-1325301,chr1-1435161-1435852
AAACAGCCAGTAGGTG-1,chr1-1348410-1349933,chr1-1354448-1355634
AAACAGCCAGTAGGTG-1,chr1-1348410-1349933,chr1-1371041-1372299
AAACAGCCAGTAGGTG-1,chr1-1348410-1349933,chr1-1374487-1375870
AAACAGCCAGTAGGTG-1,chr1-1348410-1349933,chr1-1398575-1400263
AAACAGCCAGTAGGTG-1,chr1-1348410-1349933,chr1-1433832-1434698
AAACAGCCAGTAGGTG-1,chr1-1348410-1349933,chr1-1435161-1435852
AAACAGCCAGTAGGTG-1,chr1-1354448-1355634,chr1-1371041-1372299
AAACAGCCAGTAGGTG-1,chr1-1354448-1355634,chr1-1374487-1375870
AAACAGCCAGTAGGTG-1,chr1-1354448-1355634,chr1-1398575-1400263
AAACAGCCAGTAGGTG-1,chr1-1354448-1355634,chr1-1433832-1434698
AAACAGCCAGTAGGTG-1,chr1-1354448-1355634,chr1-1435161-1435852
AAACAGCCAGTAGGTG-1,chr1-1371041-1372299,chr1-1374487-1375870
AAACAGCCAGTAGGTG-1,chr1-1371041-1372299,chr1-1398575-1400263
AAACAGCCAGTAGGTG-1,chr1-1371041-1372299,chr1-1433832-1434698
AAACAGCCAGTAGGTG-1,chr1-1371041-1372299,chr1-1435161-1435852
AAACAGCCAGTAGGTG-1,chr1-1374487-1375870,chr1-1398575-1400263
AAACAGCCAGTAGGTG-1,chr1-1374487-1375870,chr1-1433832-1434698
AAACAGCCAGTAGGTG-1,chr1-1374487-1375870,chr1-1435161-1435852
AAACAGCCAGTAGGTG-1,chr1-1398575-1400263,chr1-1433832-1434698
AAACAGCCAGTAGGTG-1,chr1-1398575-1400263,chr1-1435161-1435852
AAACAGCCAGTAGGTG-1,chr1-1433832-1434698,chr1-1435161-1435852
AAACAGCCAGTTTACG-1,chr1-777539-779314,chr1-869362-870246
AAACAGCCAGTTTACG-1,chr1-777539-779314,chr1-958767-961294
AAACAGCCAGTTTACG-1,chr1-777539-779314,chr1-1012822-1013976
AAACAGCCAGTTTACG-1,chr1-777539-779314,chr1-1019134-1020928
AAACAGCCAGTTTACG-1,chr1-777539-779314,chr1-1063842-1064493
AAACAGCCAGTTTACG-1,chr1-777539-779314,chr1-1098650-1100002
AAACAGCCAGTTTACG-1,chr1-777539-779314,chr1-1115433-1117003
AAACAGCCAGTTTACG-1,chr1-777539-779314,chr1-1231132-1232706
AAACAGCCAGTTTACG-1,chr1-777539-779314,chr1-1305326-1305857
AAACAGCCAGTTTACG-1,chr1-777539-779314,chr1-1307312-1308984
AAACAGCCAGTTTACG-1,chr1-777539-779314,chr1-1324183-1325301
AAACAGCCAGTTTACG-1,chr1-777539-779314,chr1-1348410-1349933
AAACAGCCAGTTTACG-1,chr1-777539-779314,chr1-1371041-1372299
AAACAGCCAGTTTACG-1,chr1-777539-779314,chr1-1398575-1400263
AAACAGCCAGTTTACG-1,chr1-869362-870246,chr1-958767-961294
AAACAGCCAGTTTACG-1,chr1-869362-870246,chr1-1012822-1013976
AAACAGCCAGTTTACG-1,chr1-869362-870246,chr1-1019134-1020928
AAACAGCCAGTTTACG-1,chr1-869362-870246,chr1-1063842-1064493
AAACAGCCAGTTTACG-1,chr1-869362-870246,chr1-1098650-1100002
AAACAGCCAGTTTACG-1,chr1-869362-870246,chr1-1115433-1117003
AAACAGCCAGTTTACG-1,chr1-869362-870246,chr1-1231132-1232706
AAACAGCCAGTTTACG-1,chr1-869362-870246,chr1-1305326-1305857
AAACAGCCAGTTTACG-1,chr1-869362-870246,chr1-1307312-1308984
AAACAGCCAGTTTACG-1,chr1-869362-870246,chr1-1324183-1325301
AAACAGCCAGTTTACG-1,chr1-869362-870246,chr1-1348410-1349933
AAACAGCCAGTTTACG-1,chr1-869362-870246,chr1-1371041-1372299
AAACAGCCAGTTTACG-1,chr1-869362-870246,chr1-1398575-1400263
AAACAGCCAGTTTACG-1,chr1-958767-961294,chr1-1012822-1013976
AAACAGCCAGTTTACG-1,chr1-958767-961294,chr1-1019134-1020928
AAACAGCCAGTTTACG-1,chr1-958767-961294,chr1-1063842-1064493
AAACAGCCAGTTTACG-1,chr1-958767-961294,chr1-1098650-1100002
AAACAGCCAGTTTACG-1,chr1-958767-961294,chr1-1115433-1117003
AAACAGCCAGTTTACG-1,chr1-958767-961294,chr1-1231132-1232706
AAACAGCCAGTTTACG-1,chr1-958767-961294,chr1-1305326-1305857
AAACAGCCAGTTTACG-1,chr1-958767-961294,chr1-1307312-1308984
AAACAGCCAGTTTACG-1,chr1-958767-961294,chr1-1324183-1325301
AAACAGCCAGTTTACG-1,chr1-958767-961294,chr1-1348410-1349933
AAACAGCCAGTTTACG-1,chr1-958767-961294,chr1-1371041-1372299
AAACAGCCAGTTTACG-1,chr1-958767-961294,chr1-1398575-1400263
AAACAGCCAGTTTACG-1,chr1-1012822-1013976,chr1-1019134-1020928
AAACAGCCAGTTTACG-1,chr1-1012822-1013976,chr1-1063842-1064493
AAACAGCCAGTTTACG-1,chr1-1012822-1013976,chr1-1098650-1100002
AAACAGCCAGTTTACG-1,chr1-1012822-1013976,chr1-1115433-1117003
AAACAGCCAGTTTACG-1,chr1-1012822-1013976,chr1-1231132-1232706
AAACAGCCAGTTTACG-1,chr1-1012822-1013976,chr1-1305326-1305857
AAACAGCCAGTTTACG-1,chr1-1012822-1013976,chr1-1307312-1308984
AAACAGCCAGTTTACG-1,chr1-1012822-1013976,chr1-1324183-1325301
AAACAGCCAGTTTACG-1,chr1-1012822-1013976,chr1-1348410-1349933
AAACAGCCAGTTTACG-1,chr1-1012822-1013976,chr1-1371041-1372299
AAACAGCCAGTTTACG-1,chr1-1012822-1013976,chr1-1398575-1400263
AAACAGCCAGTTTACG-1,chr1-1019134-1020928,chr1-1063842-1064493
AAACAGCCAGTTTACG-1,chr1-1019134-1020928,chr1-1098650-1100002
AAACAGCCAGTTTACG-1,chr1-1019134-1020928,chr1-1115433-1117003
AAACAGCCAGTTTACG-1,chr1-1019134-1020928,chr1-1231132-1232706
AAACAGCCAGTTTACG-1,chr1-1019134-1020928,chr1-1305326-1305857
AAACAGCCAGTTTACG-1,chr1-1019134-1020928,chr1-1307312-1308984
AAACAGCCAGTTTACG-1,chr1-1019134-1020928,chr1-1324183-1325301
AAACAGCCAGTTTACG-1,chr1-1019134-1020928,chr1-1348410-1349933
AAACAGCCAGTTTACG-1,chr1-1019134-1020928,chr1-1371041-1372299
AAACAGCCAGTTTACG-1,chr1-1019134-1020928,chr1-1398575-1400263
AAACAGCCAGTTTACG-1,chr1-1063842-1064493,chr1-1098650-1100002
AAACAGCCAGTTTACG-1,chr1-1063842-1064493,chr1-1115433-1117003
AAACAGCCAGTTTACG-1,chr1-1063842-1064493,chr1-1231132-1232706
AAACAGCCAGTTTACG-1,chr1-1063842-1064493,chr1-1305326-1305857
AAACAGCCAGTTTACG-1,chr1-1063842-1064493,chr1-1307312-1308984
AAACAGCCAGTTTACG-1,chr1-1063842-1064493,chr1-1324183-1325301
AAACAGCCAGTTTACG-1,chr1-1063842-1064493,chr1-1348410-1349933
AAACAGCCAGTTTACG-1,chr1-1063842-1064493,chr1-1371041-1372299
AAACAGCCAGTTTACG-1,chr1-1063842-1064493,chr1-1398575-1400263
AAACAGCCAGTTTACG-1,chr1-1098650-1100002,chr1-1115433-1117003
AAACAGCCAGTTTACG-1,chr1-1098650-1100002,chr1-1231132-1232706
AAACAGCCAGTTTACG-1,chr1-1098650-1100002,chr1-1305326-1305857
AAACAGCCAGTTTACG-1,chr1-1098650-1100002,chr1-1307312-1308984
AAACAGCCAGTTTACG-1,chr1-1098650-1100002,chr1-1324183-1325301
AAACAGCCAGTTTACG-1,chr1-1098650-1100002,chr1-1348410-1349933
AAACAGCCAGTTTACG-1,chr1-1098650-1100002,chr1-1371041-1372299
AAACAGCCAGTTTACG-1,chr1-1098650-1100002,chr1-1398575-1400263
AAACAGCCAGTTTACG-1,chr1-1115433-1117003,chr1-1231132-1232706
AAACAGCCAGTTTACG-1,chr1-1115433-1117003,chr1-1305326-1305857
AAACAGCCAGTTTACG-1,chr1-1115433-1117003,chr1-1307312-1308984
AAACAGCCAGTTTACG-1,chr1-1115433-1117003,chr1-1324183-1325301
AAACAGCCAGTTTACG-1,chr1-1115433-1117003,chr1-1348410-1349933
AAACAGCCAGTTTACG-1,chr1-1115433-1117003,chr1-1371041-1372299
AAACAGCCAGTTTACG-1,chr1-1115433-1117003,chr1-1398575-1400263
AAACAGCCAGTTTACG-1,chr1-1231132-1232706,chr1-1305326-1305857
AAACAGCCAGTTTACG-1,chr1-1231132-1232706,chr1-1307312-1308984
AAACAGCCAGTTTACG-1,chr1-1231132-1232706,chr1-1324183-1325301
AAACAGCCAGTTTACG-1,chr1-1231132-1232706,chr1-1348410-1349933
AAACAGCCAGTTTACG-1,chr1-1231132-1232706,chr1-1371041-1372299
AAACAGCCAGTTTACG-1,chr1-1231132-1232706,chr1-1398575-1400263
AAACAGCCAGTTTACG-1,chr1-1305326-1305857,chr1-1307312-1308984
AAACAGCCAGTTTACG-1,chr1-1305326-1305857,chr1-1324183-1325301
AAACAGCCAGTTTACG-1,chr1-1305326-1305857,chr1-1348410-1349933
AAACAGCCAGTTTACG-1,chr1-1305326-1305857,chr1-1371041-1372299
AAACAGCCAGTTTACG-1,chr1-1305326-1305857,chr1-1398575-1400263
AAACAGCCAGTTTACG-1,chr1-1307312-1308984,chr1-1324183-1325301
AAACAGCCAGTTTACG-1,chr1-1307312-1308984,chr1-1348410-1349933
AAACAGCCAGTTTACG-1,chr1-1307312-1308984,chr1-1371041-1372299
AAACAGCCAGTTTACG-1,chr1-1307312-1308984,chr1-1398575-1400263
AAACAGCCAGTTTACG-1,chr1-1324183-1325301,chr1-1348410-1349933
AAACAGCCAGTTTACG-1,chr1-1324183-1325301,chr1-1371041-1372299
AAACAGCCAGTTTACG-1,chr1-1324183-1325301,chr1-1398575-1400263
AAACAGCCAGTTTACG-1,chr1-1348410-1349933,chr1-1371041-1372299
AAACAGCCAGTTTACG-1,chr1-1348410-1349933,chr1-1398575-1400263
AAACAGCCAGTTTACG-1,chr1-1371041-1372299,chr1-1398575-1400263
AAACAGCCATCCAGGT-1,chr1-777539-779314,chr1-999035-1001204
AAACAGCCATCCAGGT-1,chr1-777539-779314,chr1-1001670-1002051
AAACAGCCATCCAGGT-1,chr1-777539-779314,chr1-1012822-1013976
AAACAGCCATCCAGGT-1,chr1-777539-779314,chr1-1019134-1020928
AAACAGCCATCCAGGT-1,chr1-777539-779314,chr1-1032442-1034259
AAACAGCCATCCAGGT-1,chr1-777539-779314,chr1-1219329-1219618
AAACAGCCATCCAGGT-1,chr1-777539-779314,chr1-1231132-1232706
AAACAGCCATCCAGGT-1,chr1-777539-779314,chr1-1307312-1308984
AAACAGCCATCCAGGT-1,chr1-777539-779314,chr1-1374487-1375870
AAACAGCCATCCAGGT-1,chr1-777539-779314,chr1-1398575-1400263
AAACAGCCATCCAGGT-1,chr1-999035-1001204,chr1-1001670-1002051
AAACAGCCATCCAGGT-1,chr1-999035-1001204,chr1-1012822-1013976
AAACAGCCATCCAGGT-1,chr1-999035-1001204,chr1-1019134-1020928
AAACAGCCATCCAGGT-1,chr1-999035-1001204,chr1-1032442-1034259
AAACAGCCATCCAGGT-1,chr1-999035-1001204,chr1-1219329-1219618
AAACAGCCATCCAGGT-1,chr1-999035-1001204,chr1-1231132-1232706
AAACAGCCATCCAGGT-1,chr1-999035-1001204,chr1-1307312-1308984
AAACAGCCATCCAGGT-1,chr1-999035-1001204,chr1-1374487-1375870
AAACAGCCATCCAGGT-1,chr1-999035-1001204,chr1-1398575-1400263
AAACAGCCATCCAGGT-1,chr1-1001670-1002051,chr1-1012822-1013976
AAACAGCCATCCAGGT-1,chr1-1001670-1002051,chr1-1019134-1020928
AAACAGCCATCCAGGT-1,chr1-1001670-1002051,chr1-1032442-1034259
AAACAGCCATCCAGGT-1,chr1-1001670-1002051,chr1-1219329-1219618
AAACAGCCATCCAGGT-1,chr1-1001670-1002051,chr1-1231132-1232706
AAACAGCCATCCAGGT-1,chr1-1001670-1002051,chr1-1307312-1308984
AAACAGCCATCCAGGT-1,chr1-1001670-1002051,chr1-1374487-1375870
AAACAGCCATCCAGGT-1,chr1-1001670-1002051,chr1-1398575-1400263
AAACAGCCATCCAGGT-1,chr1-1012822-1013976,chr1-1019134-1020928
AAACAGCCATCCAGGT-1,chr1-1012822-1013976,chr1-1032442-1034259
AAACAGCCATCCAGGT-1,chr1-1012822-1013976,chr1-1219329-1219618
AAACAGCCATCCAGGT-1,chr1-1012822-1013976,chr1-1231132-1232706
AAACAGCCATCCAGGT-1,chr1-1012822-1013976,chr1-1307312-1308984
AAACAGCCATCCAGGT-1,chr1-1012822-1013976,chr1-1374487-1375870
AAACAGCCATCCAGGT-1,chr1-1012822-1013976,chr1-1398575-1400263
AAACAGCCATCCAGGT-1,chr1-1019134-1020928,chr1-1032442-1034259
AAACAGCCATCCAGGT-1,chr1-1019134-1020928,chr1-1219329-1219618
AAACAGCCATCCAGGT-1,chr1-1019134-1020928,chr1-1231132-1232706
AAACAGCCATCCAGGT-1,chr1-1019134-1020928,chr1-1307312-1308984
AAACAGCCATCCAGGT-1,chr1-1019134-1020928,chr1-1374487-1375870
AAACAGCCATCCAGGT-1,chr1-1019134-1020928,chr1-1398575-1400263
AAACAGCCATCCAGGT-1,chr1-1032442-1034259,chr1-1219329-1219618
AAACAGCCATCCAGGT-1,chr1-1032442-1034259,chr1-1231132-1232706
AAACAGCCATCCAGGT-1,chr1-1032442-1034259,chr1-1307312-1308984
AAACAGCCATCCAGGT-1,chr1-1032442-1034259,chr1-1374487-1375870
AAACAGCCATCCAGGT-1,chr1-1032442-1034259,chr1-1398575-1400263
AAACAGCCATCCAGGT-1,chr1-1219329-1219618,chr1-1231132-1232706
AAACAGCCATCCAGGT-1,chr1-1219329-1219618,chr1-1307312-1308984
AAACAGCCATCCAGGT-1,chr1-1219329-1219618,chr1-1374487-1375870
AAACAGCCATCCAGGT-1,chr1-1219329-1219618,chr1-1398575-1400263
AAACAGCCATCCAGGT-1,chr1-1231132-1232706,chr1-1307312-1308984
AAACAGCCATCCAGGT-1,chr1-1231132-1232706,chr1-1374487-1375870
AAACAGCCATCCAGGT-1,chr1-1231132-1232706,chr1-1398575-1400263
AAACAGCCATCCAGGT-1,chr1-1307312-1308984,chr1-1374487-1375870
AAACAGCCATCCAGGT-1,chr1-1307312-1308984,chr1-1398575-1400263
AAACAGCCATCCAGGT-1,chr1-1374487-1375870,chr1-1398575-1400263
AAACATGCAAGGTCCT-1,chr1-826688-827799,chr1-869362-870246
AAACATGCAAGGTCCT-1,chr1-826688-827799,chr1-923413-924168
AAACATGCAAGGTCCT-1,chr1-826688-827799,chr1-958767-961294
AAACATGCAAGGTCCT-1,chr1-826688-827799,chr1-1019134-1020928
AAACATGCAAGGTCCT-1,chr1-826688-827799,chr1-1032442-1034259
AAACATGCAAGGTCCT-1,chr1-826688-827799,chr1-1068439-1070346
AAACATGCAAGGTCCT-1,chr1-826688-827799,chr1-1098650-1100002
AAACATGCAAGGTCCT-1,chr1-826688-827799,chr1-1115433-1117003
AAACATGCAAGGTCCT-1,chr1-826688-827799,chr1-1121753-1122808
AAACATGCAAGGTCCT-1,chr1-826688-827799,chr1-1231132-1232706
AAACATGCAAGGTCCT-1,chr1-826688-827799,chr1-1272786-1274599
AAACATGCAAGGTCCT-1,chr1-826688-827799,chr1-1305326-1305857
AAACATGCAAGGTCCT-1,chr1-826688-827799,chr1-1307312-1308984
AAACATGCAAGGTCCT-1,chr1-826688-827799,chr1-1324183-1325301
AAACATGCAAGGTCCT-1,chr1-826688-827799,chr1-1354448-1355634
AAACATGCAAGGTCCT-1,chr1-826688-827799,chr1-1374487-1375870
AAACATGCAAGGTCCT-1,chr1-826688-827799,chr1-1433832-1434698
AAACATGCAAGGTCCT-1,chr1-826688-827799,chr1-1461782-1462972
AAACATGCAAGGTCCT-1,chr1-826688-827799,chr1-1470659-1471884
AAACATGCAAGGTCCT-1,chr1-869362-870246,chr1-923413-924168
AAACATGCAAGGTCCT-1,chr1-869362-870246,chr1-958767-961294
AAACATGCAAGGTCCT-1,chr1-869362-870246,chr1-1019134-1020928
AAACATGCAAGGTCCT-1,chr1-869362-870246,chr1-1032442-1034259
AAACATGCAAGGTCCT-1,chr1-869362-870246,chr1-1068439-1070346
AAACATGCAAGGTCCT-1,chr1-869362-870246,chr1-1098650-1100002
AAACATGCAAGGTCCT-1,chr1-869362-870246,chr1-1115433-1117003
AAACATGCAAGGTCCT-1,chr1-869362-870246,chr1-1121753-1122808
AAACATGCAAGGTCCT-1,chr1-869362-870246,chr1-1231132-1232706
AAACATGCAAGGTCCT-1,chr1-869362-870246,chr1-1272786-1274599
AAACATGCAAGGTCCT-1,chr1-869362-870246,chr1-1305326-1305857
AAACATGCAAGGTCCT-1,chr1-869362-870246,chr1-1307312-1308984
AAACATGCAAGGTCCT-1,chr1-869362-870246,chr1-1324183-1325301
AAACATGCAAGGTCCT-1,chr1-869362-870246,chr1-1354448-1355634
AAACATGCAAGGTCCT-1,chr1-869362-870246,chr1-1374487-1375870
AAACATGCAAGGTCCT-1,chr1-869362-870246,chr1-1433832-1434698
AAACATGCAAGGTCCT-1,chr1-869362-870246,chr1-1461782-1462972
AAACATGCAAGGTCCT-1,chr1-869362-870246,chr1-1470659-1471884
AAACATGCAAGGTCCT-1,chr1-923413-924168,chr1-958767-961294
AAACATGCAAGGTCCT-1,chr1-923413-924168,chr1-1019134-1020928
AAACATGCAAGGTCCT-1,chr1-923413-924168,chr1-1032442-1034259
AAACATGCAAGGTCCT-1,chr1-923413-924168,chr1-1068439-1070346
AAACATGCAAGGTCCT-1,chr1-923413-924168,chr1-1098650-1100002
AAACATGCAAGGTCCT-1,chr1-923413-924168,chr1-1115433-1117003
AAACATGCAAGGTCCT-1,chr1-923413-924168,chr1-1121753-1122808
AAACATGCAAGGTCCT-1,chr1-923413-924168,chr1-1231132-1232706
AAACATGCAAGGTCCT-1,chr1-923413-924168,chr1-1272786-1274599
AAACATGCAAGGTCCT-1,chr1-923413-924168,chr1-1305326-1305857
AAACATGCAAGGTCCT-1,chr1-923413-924168,chr1-1307312-1308984
AAACATGCAAGGTCCT-1,chr1-923413-924168,chr1-1324183-1325301
AAACATGCAAGGTCCT-1,chr1-923413-924168,chr1-1354448-1355634
AAACATGCAAGGTCCT-1,chr1-923413-924168,chr1-1374487-1375870
AAACATGCAAGGTCCT-1,chr1-923413-924168,chr1-1433832-1434698
AAACATGCAAGGTCCT-1,chr1-923413-924168,chr1-1461782-1462972
AAACATGCAAGGTCCT-1,chr1-923413-924168,chr1-1470659-1471884
AAACATGCAAGGTCCT-1,chr1-958767-961294,chr1-1019134-1020928
AAACATGCAAGGTCCT-1,chr1-958767-961294,chr1-1032442-1034259
AAACATGCAAGGTCCT-1,chr1-958767-961294,chr1-1068439-1070346
AAACATGCAAGGTCCT-1,chr1-958767-961294,chr1-1098650-1100002
AAACATGCAAGGTCCT-1,chr1-958767-961294,chr1-1115433-1117003
AAACATGCAAGGTCCT-1,chr1-958767-961294,chr1-1121753-1122808
AAACATGCAAGGTCCT-1,chr1-958767-961294,chr1-1231132-1232706
AAACATGCAAGGTCCT-1,chr1-958767-961294,chr1-1272786-1274599
AAACATGCAAGGTCCT-1,chr1-958767-961294,chr1-1305326-1305857
AAACATGCAAGGTCCT-1,chr1-958767-961294,chr1-1307312-1308984
AAACATGCAAGGTCCT-1,chr1-958767-961294,chr1-1324183-1325301
AAACATGCAAGGTCCT-1,chr1-958767-961294,chr1-1354448-1355634
AAACATGCAAGGTCCT-1,chr1-958767-961294,chr1-1374487-1375870
AAACATGCAAGGTCCT-1,chr1-958767-961294,chr1-1433832-1434698
AAACATGCAAGGTCCT-1,chr1-958767-961294,chr1-1461782-1462972
AAACATGCAAGGTCCT-1,chr1-958767-961294,chr1-1470659-1471884
AAACATGCAAGGTCCT-1,chr1-1019134-1020928,chr1-1032442-1034259
AAACATGCAAGGTCCT-1,chr1-1019134-1020928,chr1-1068439-1070346
AAACATGCAAGGTCCT-1,chr1-1019134-1020928,chr1-1098650-1100002
AAACATGCAAGGTCCT-1,chr1-1019134-1020928,chr1-1115433-1117003
AAACATGCAAGGTCCT-1,chr1-1019134-1020928,chr1-1121753-1122808
AAACATGCAAGGTCCT-1,chr1-1019134-1020928,chr1-1231132-1232706
AAACATGCAAGGTCCT-1,chr1-1019134-1020928,chr1-1272786-1274599
AAACATGCAAGGTCCT-1,chr1-1019134-1020928,chr1-1305326-1305857
AAACATGCAAGGTCCT-1,chr1-1019134-1020928,chr1-1307312-1308984
AAACATGCAAGGTCCT-1,chr1-1019134-1020928,chr1-1324183-1325301
AAACATGCAAGGTCCT-1,chr1-1019134-1020928,chr1-1354448-1355634
AAACATGCAAGGTCCT-1,chr1-1019134-1020928,chr1-1374487-1375870
AAACATGCAAGGTCCT-1,chr1-1019134-1020928,chr1-1433832-1434698
AAACATGCAAGGTCCT-1,chr1-1019134-1020928,chr1-1461782-1462972
AAACATGCAAGGTCCT-1,chr1-1019134-1020928,chr1-1470659-1471884
AAACATGCAAGGTCCT-1,chr1-1032442-1034259,chr1-1068439-1070346
AAACATGCAAGGTCCT-1,chr1-1032442-1034259,chr1-1098650-1100002
AAACATGCAAGGTCCT-1,chr1-1032442-1034259,chr1-1115433-1117003
AAACATGCAAGGTCCT-1,chr1-1032442-1034259,chr1-1121753-1122808
AAACATGCAAGGTCCT-1,chr1-1032442-1034259,chr1-1231132-1232706
AAACATGCAAGGTCCT-1,chr1-1032442-1034259,chr1-1272786-1274599
AAACATGCAAGGTCCT-1,chr1-1032442-1034259,chr1-1305326-1305857
AAACATGCAAGGTCCT-1,chr1-1032442-1034259,chr1-1307312-1308984
AAACATGCAAGGTCCT-1,chr1-1032442-1034259,chr1-1324183-1325301
AAACATGCAAGGTCCT-1,chr1-1032442-1034259,chr1-1354448-1355634
AAACATGCAAGGTCCT-1,chr1-1032442-1034259,chr1-1374487-1375870
AAACATGCAAGGTCCT-1,chr1-1032442-1034259,chr1-1433832-1434698
AAACATGCAAGGTCCT-1,chr1-1032442-1034259,chr1-1461782-1462972
AAACATGCAAGGTCCT-1,chr1-1032442-1034259,chr1-1470659-1471884
AAACATGCAAGGTCCT-1,chr1-1068439-1070346,chr1-1098650-1100002
AAACATGCAAGGTCCT-1,chr1-1068439-1070346,chr1-1115433-1117003
AAACATGCAAGGTCCT-1,chr1-1068439-1070346,chr1-1121753-1122808
AAACATGCAAGGTCCT-1,chr1-1068439-1070346,chr1-1231132-1232706
AAACATGCAAGGTCCT-1,chr1-1068439-1070346,chr1-1272786-1274599
AAACATGCAAGGTCCT-1,chr1-1068439-1070346,chr1-1305326-1305857
AAACATGCAAGGTCCT-1,chr1-1068439-1070346,chr1-1307312-1308984
AAACATGCAAGGTCCT-1,chr1-1068439-1070346,chr1-1324183-1325301
AAACATGCAAGGTCCT-1,chr1-1068439-1070346,chr1-1354448-1355634
AAACATGCAAGGTCCT-1,chr1-1068439-1070346,chr1-1374487-1375870
AAACATGCAAGGTCCT-1,chr1-1068439-1070346,chr1-1433832-1434698
AAACATGCAAGGTCCT-1,chr1-1068439-1070346,chr1-1461782-1462972
AAACATGCAAGGTCCT-1,chr1-1068439-1070346,chr1-1470659-1471884
AAACATGCAAGGTCCT-1,chr1-1098650-1100002,chr1-1115433-1117003
AAACATGCAAGGTCCT-1,chr1-1098650-1100002,chr1-1121753-1122808
AAACATGCAAGGTCCT-1,chr1-1098650-1100002,chr1-1231132-1232706
AAACATGCAAGGTCCT-1,chr1-1098650-1100002,chr1-1272786-1274599
AAACATGCAAGGTCCT-1,chr1-1098650-1100002,chr1-1305326-1305857
AAACATGCAAGGTCCT-1,chr1-1098650-1100002,chr1-1307312-1308984
AAACATGCAAGGTCCT-1,chr1-1098650-1100002,chr1-1324183-1325301
AAACATGCAAGGTCCT-1,chr1-1098650-1100002,chr1-1354448-1355634
AAACATGCAAGGTCCT-1,chr1-1098650-1100002,chr1-1374487-1375870
AAACATGCAAGGTCCT-1,chr1-1098650-1100002,chr1-1433832-1434698
AAACATGCAAGGTCCT-1,chr1-1098650-1100002,chr1-1461782-1462972
AAACATGCAAGGTCCT-1,chr1-1098650-1100002,chr1-1470659-1471884
AAACATGCAAGGTCCT-1,chr1-1115433-1117003,chr1-1121753-1122808
AAACATGCAAGGTCCT-1,chr1-1115433-1117003,chr1-1231132-1232706
AAACATGCAAGGTCCT-1,chr1-1115433-1117003,chr1-1272786-1274599
AAACATGCAAGGTCCT-1,chr1-1115433-1117003,chr1-1305326-1305857
AAACATGCAAGGTCCT-1,chr1-1115433-1117003,chr1-1307312-1308984
AAACATGCAAGGTCCT-1,chr1-1115433-1117003,chr1-1324183-1325301
AAACATGCAAGGTCCT-1,chr1-1115433-1117003,chr1-1354448-1355634
AAACATGCAAGGTCCT-1,chr1-1115433-1117003,chr1-1374487-1375870
AAACATGCAAGGTCCT-1,chr1-1115433-1117003,chr1-1433832-1434698
AAACATGCAAGGTCCT-1,chr1-1115433-1117003,chr1-1461782-1462972
AAACATGCAAGGTCCT-1,chr1-1115433-1117003,chr1-1470659-1471884
AAACATGCAAGGTCCT-1,chr1-1121753-1122808,chr1-1231132-1232706
AAACATGCAAGGTCCT-1,chr1-1121753-1122808,chr1-1272786-1274599
AAACATGCAAGGTCCT-1,chr1-1121753-1122808,chr1-1305326-1305857
AAACATGCAAGGTCCT-1,chr1-1121753-1122808,chr1-1307312-1308984
AAACATGCAAGGTCCT-1,chr1-1121753-1122808,chr1-1324183-1325301
AAACATGCAAGGTCCT-1,chr1-1121753-1122808,chr1-1354448-1355634
AAACATGCAAGGTCCT-1,chr1-1121753-1122808,chr1-1374487-1375870
AAACATGCAAGGTCCT-1,chr1-1121753-1122808,chr1-1433832-1434698
AAACATGCAAGGTCCT-1,chr1-1121753-1122808,chr1-1461782-1462972
AAACATGCAAGGTCCT-1,chr1-1121753-1122808,chr1-1470659-1471884
AAACATGCAAGGTCCT-1,chr1-1231132-1232706,chr1-1272786-1274599
AAACATGCAAGGTCCT-1,chr1-1231132-1232706,chr1-1305326-1305857
AAACATGCAAGGTCCT-1,chr1-1231132-1232706,chr1-1307312-1308984
AAACATGCAAGGTCCT-1,chr1-1231132-1232706,chr1-1324183-1325301
AAACATGCAAGGTCCT-1,chr1-1231132-1232706,chr1-1354448-1355634
AAACATGCAAGGTCCT-1,chr1-1231132-1232706,chr1-1374487-1375870
AAACATGCAAGGTCCT-1,chr1-1231132-1232706,chr1-1433832-1434698
AAACATGCAAGGTCCT-1,chr1-1231132-1232706,chr1-1461782-1462972
AAACATGCAAGGTCCT-1,chr1-1231132-1232706,chr1-1470659-1471884
AAACATGCAAGGTCCT-1,chr1-1272786-1274599,chr1-1305326-1305857
AAACATGCAAGGTCCT-1,chr1-1272786-1274599,chr1-1307312-1308984
AAACATGCAAGGTCCT-1,chr1-1272786-1274599,chr1-1324183-1325301
AAACATGCAAGGTCCT-1,chr1-1272786-1274599,chr1-1354448-1355634
AAACATGCAAGGTCCT-1,chr1-1272786-1274599,chr1-1374487-1375870
AAACATGCAAGGTCCT-1,chr1-1272786-1274599,chr1-1433832-1434698
AAACATGCAAGGTCCT-1,chr1-1272786-1274599,chr1-1461782-1462972
AAACATGCAAGGTCCT-1,chr1-1272786-1274599,chr1-1470659-1471884
AAACATGCAAGGTCCT-1,chr1-1305326-1305857,chr1-1307312-1308984
AAACATGCAAGGTCCT-1,chr1-1305326-1305857,chr1-1324183-1325301
AAACATGCAAGGTCCT-1,chr1-1305326-1305857,chr1-1354448-1355634
AAACATGCAAGGTCCT-1,chr1-1305326-1305857,chr1-1374487-1375870
AAACATGCAAGGTCCT-1,chr1-1305326-1305857,chr1-1433832-1434698
AAACATGCAAGGTCCT-1,chr1-1305326-1305857,chr1-1461782-1462972
AAACATGCAAGGTCCT-1,chr1-1305326-1305857,chr1-1470659-1471884
AAACATGCAAGGTCCT-1,chr1-1307312-1308984,chr1-1324183-1325301
AAACATGCAAGGTCCT-1,chr1-1307312-1308984,chr1-1354448-1355634
AAACATGCAAGGTCCT-1,chr1-1307312-1308984,chr1-1374487-1375870
AAACATGCAAGGTCCT-1,chr1-1307312-1308984,chr1-1433832-1434698
AAACATGCAAGGTCCT-1,chr1-1307312-1308984,chr1-1461782-1462972
AAACATGCAAGGTCCT-1,chr1-1307312-1308984,chr1-1470659-1471884
AAACATGCAAGGTCCT-1,chr1-1324183-1325301,chr1-1354448-1355634
AAACATGCAAGGTCCT-1,chr1-1324183-1325301,chr1-1374487-1375870
AAACATGCAAGGTCCT-1,chr1-1324183-1325301,chr1-1433832-1434698
AAACATGCAAGGTCCT-1,chr1-1324183-1325301,chr1-1461782-1462972
AAACATGCAAGGTCCT-1,chr1-1324183-1325301,chr1-1470659-1471884
AAACATGCAAGGTCCT-1,chr1-1354448-1355634,chr1-1374487-1375870
AAACATGCAAGGTCCT-1,chr1-1354448-1355634,chr1-1433832-1434698
AAACATGCAAGGTCCT-1,chr1-1354448-1355634,chr1-1461782-1462972
AAACATGCAAGGTCCT-1,chr1-1354448-1355634,chr1-1470659-1471884
AAACATGCAAGGTCCT-1,chr1-1374487-1375870,chr1-1433832-1434698
AAACATGCAAGGTCCT-1,chr1-1374487-1375870,chr1-1461782-1462972
AAACATGCAAGGTCCT-1,chr1-1374487-1375870,chr1-1470659-1471884
AAACATGCAAGGTCCT-1,chr1-1433832-1434698,chr1-1461782-1462972
AAACATGCAAGGTCCT-1,chr1-1433832-1434698,chr1-1470659-1471884
AAACATGCAAGGTCCT-1,chr1-1461782-1462972,chr1-1470659-1471884
